[{"model": "auth.permission", "pk": 1, "fields": {"name": "Can add log entry", "content_type": 1, "codename": "add_logentry"}}, {"model": "auth.permission", "pk": 2, "fields": {"name": "Can change log entry", "content_type": 1, "codename": "change_logentry"}}, {"model": "auth.permission", "pk": 3, "fields": {"name": "Can delete log entry", "content_type": 1, "codename": "delete_logentry"}}, {"model": "auth.permission", "pk": 4, "fields": {"name": "Can view log entry", "content_type": 1, "codename": "view_logentry"}}, {"model": "auth.permission", "pk": 5, "fields": {"name": "Can add permission", "content_type": 2, "codename": "add_permission"}}, {"model": "auth.permission", "pk": 6, "fields": {"name": "Can change permission", "content_type": 2, "codename": "change_permission"}}, {"model": "auth.permission", "pk": 7, "fields": {"name": "Can delete permission", "content_type": 2, "codename": "delete_permission"}}, {"model": "auth.permission", "pk": 8, "fields": {"name": "Can view permission", "content_type": 2, "codename": "view_permission"}}, {"model": "auth.permission", "pk": 9, "fields": {"name": "Can add group", "content_type": 3, "codename": "add_group"}}, {"model": "auth.permission", "pk": 10, "fields": {"name": "Can change group", "content_type": 3, "codename": "change_group"}}, {"model": "auth.permission", "pk": 11, "fields": {"name": "Can delete group", "content_type": 3, "codename": "delete_group"}}, {"model": "auth.permission", "pk": 12, "fields": {"name": "Can view group", "content_type": 3, "codename": "view_group"}}, {"model": "auth.permission", "pk": 13, "fields": {"name": "Can add user", "content_type": 4, "codename": "add_user"}}, {"model": "auth.permission", "pk": 14, "fields": {"name": "Can change user", "content_type": 4, "codename": "change_user"}}, {"model": "auth.permission", "pk": 15, "fields": {"name": "Can delete user", "content_type": 4, "codename": "delete_user"}}, {"model": "auth.permission", "pk": 16, "fields": {"name": "Can view user", "content_type": 4, "codename": "view_user"}}, {"model": "auth.permission", "pk": 17, "fields": {"name": "Can add content type", "content_type": 5, "codename": "add_contenttype"}}, {"model": "auth.permission", "pk": 18, "fields": {"name": "Can change content type", "content_type": 5, "codename": "change_contenttype"}}, {"model": "auth.permission", "pk": 19, "fields": {"name": "Can delete content type", "content_type": 5, "codename": "delete_contenttype"}}, {"model": "auth.permission", "pk": 20, "fields": {"name": "Can view content type", "content_type": 5, "codename": "view_contenttype"}}, {"model": "auth.permission", "pk": 21, "fields": {"name": "Can add session", "content_type": 6, "codename": "add_session"}}, {"model": "auth.permission", "pk": 22, "fields": {"name": "Can change session", "content_type": 6, "codename": "change_session"}}, {"model": "auth.permission", "pk": 23, "fields": {"name": "Can delete session", "content_type": 6, "codename": "delete_session"}}, {"model": "auth.permission", "pk": 24, "fields": {"name": "Can view session", "content_type": 6, "codename": "view_session"}}, {"model": "auth.permission", "pk": 25, "fields": {"name": "Can add match", "content_type": 7, "codename": "add_match"}}, {"model": "auth.permission", "pk": 26, "fields": {"name": "Can change match", "content_type": 7, "codename": "change_match"}}, {"model": "auth.permission", "pk": 27, "fields": {"name": "Can delete match", "content_type": 7, "codename": "delete_match"}}, {"model": "auth.permission", "pk": 28, "fields": {"name": "Can view match", "content_type": 7, "codename": "view_match"}}, {"model": "auth.permission", "pk": 29, "fields": {"name": "Can add player", "content_type": 8, "codename": "add_player"}}, {"model": "auth.permission", "pk": 30, "fields": {"name": "Can change player", "content_type": 8, "codename": "change_player"}}, {"model": "auth.permission", "pk": 31, "fields": {"name": "Can delete player", "content_type": 8, "codename": "delete_player"}}, {"model": "auth.permission", "pk": 32, "fields": {"name": "Can view player", "content_type": 8, "codename": "view_player"}}, {"model": "auth.permission", "pk": 33, "fields": {"name": "Can add team", "content_type": 9, "codename": "add_team"}}, {"model": "auth.permission", "pk": 34, "fields": {"name": "Can change team", "content_type": 9, "codename": "change_team"}}, {"model": "auth.permission", "pk": 35, "fields": {"name": "Can delete team", "content_type": 9, "codename": "delete_team"}}, {"model": "auth.permission", "pk": 36, "fields": {"name": "Can view team", "content_type": 9, "codename": "view_team"}}, {"model": "auth.permission", "pk": 37, "fields": {"name": "Can add match appearance", "content_type": 10, "codename": "add_matchappearance"}}, {"model": "auth.permission", "pk": 38, "fields": {"name": "Can change match appearance", "content_type": 10, "codename": "change_matchappearance"}}, {"model": "auth.permission", "pk": 39, "fields": {"name": "Can delete match appearance", "content_type": 10, "codename": "delete_matchappearance"}}, {"model": "auth.permission", "pk": 40, "fields": {"name": "Can view match appearance", "content_type": 10, "codename": "view_matchappearance"}}, {"model": "auth.permission", "pk": 41, "fields": {"name": "Can add user profile", "content_type": 11, "codename": "add_userprofile"}}, {"model": "auth.permission", "pk": 42, "fields": {"name": "Can change user profile", "content_type": 11, "codename": "change_userprofile"}}, {"model": "auth.permission", "pk": 43, "fields": {"name": "Can delete user profile", "content_type": 11, "codename": "delete_userprofile"}}, {"model": "auth.permission", "pk": 44, "fields": {"name": "Can view user profile", "content_type": 11, "codename": "view_userprofile"}}, {"model": "auth.permission", "pk": 45, "fields": {"name": "Can add formation template", "content_type": 12, "codename": "add_formationtemplate"}}, {"model": "auth.permission", "pk": 46, "fields": {"name": "Can change formation template", "content_type": 12, "codename": "change_formationtemplate"}}, {"model": "auth.permission", "pk": 47, "fields": {"name": "Can delete formation template", "content_type": 12, "codename": "delete_formationtemplate"}}, {"model": "auth.permission", "pk": 48, "fields": {"name": "Can view formation template", "content_type": 12, "codename": "view_formationtemplate"}}, {"model": "auth.permission", "pk": 49, "fields": {"name": "Can add lineup position", "content_type": 13, "codename": "add_lineupposition"}}, {"model": "auth.permission", "pk": 50, "fields": {"name": "Can change lineup position", "content_type": 13, "codename": "change_lineupposition"}}, {"model": "auth.permission", "pk": 51, "fields": {"name": "Can delete lineup position", "content_type": 13, "codename": "delete_lineupposition"}}, {"model": "auth.permission", "pk": 52, "fields": {"name": "Can view lineup position", "content_type": 13, "codename": "view_lineupposition"}}, {"model": "auth.permission", "pk": 53, "fields": {"name": "Can add lineup", "content_type": 14, "codename": "add_lineup"}}, {"model": "auth.permission", "pk": 54, "fields": {"name": "Can change lineup", "content_type": 14, "codename": "change_lineup"}}, {"model": "auth.permission", "pk": 55, "fields": {"name": "Can delete lineup", "content_type": 14, "codename": "delete_lineup"}}, {"model": "auth.permission", "pk": 56, "fields": {"name": "Can view lineup", "content_type": 14, "codename": "view_lineup"}}, {"model": "auth.permission", "pk": 57, "fields": {"name": "Can add lineup player position", "content_type": 15, "codename": "add_lineupplayerposition"}}, {"model": "auth.permission", "pk": 58, "fields": {"name": "Can change lineup player position", "content_type": 15, "codename": "change_lineupplayerposition"}}, {"model": "auth.permission", "pk": 59, "fields": {"name": "Can delete lineup player position", "content_type": 15, "codename": "delete_lineupplayerposition"}}, {"model": "auth.permission", "pk": 60, "fields": {"name": "Can view lineup player position", "content_type": 15, "codename": "view_lineupplayerposition"}}, {"model": "auth.permission", "pk": 61, "fields": {"name": "Can add match session", "content_type": 16, "codename": "add_matchsession"}}, {"model": "auth.permission", "pk": 62, "fields": {"name": "Can change match session", "content_type": 16, "codename": "change_matchsession"}}, {"model": "auth.permission", "pk": 63, "fields": {"name": "Can delete match session", "content_type": 16, "codename": "delete_matchsession"}}, {"model": "auth.permission", "pk": 64, "fields": {"name": "Can view match session", "content_type": 16, "codename": "view_matchsession"}}, {"model": "auth.permission", "pk": 65, "fields": {"name": "Can add player substitution", "content_type": 17, "codename": "add_playersubstitution"}}, {"model": "auth.permission", "pk": 66, "fields": {"name": "Can change player substitution", "content_type": 17, "codename": "change_playersubstitution"}}, {"model": "auth.permission", "pk": 67, "fields": {"name": "Can delete player substitution", "content_type": 17, "codename": "delete_playersubstitution"}}, {"model": "auth.permission", "pk": 68, "fields": {"name": "Can view player substitution", "content_type": 17, "codename": "view_playersubstitution"}}, {"model": "auth.permission", "pk": 69, "fields": {"name": "Can add playing time", "content_type": 18, "codename": "add_playingtime"}}, {"model": "auth.permission", "pk": 70, "fields": {"name": "Can change playing time", "content_type": 18, "codename": "change_playingtime"}}, {"model": "auth.permission", "pk": 71, "fields": {"name": "Can delete playing time", "content_type": 18, "codename": "delete_playingtime"}}, {"model": "auth.permission", "pk": 72, "fields": {"name": "Can view playing time", "content_type": 18, "codename": "view_playingtime"}}, {"model": "auth.permission", "pk": 73, "fields": {"name": "Can add highlight reel", "content_type": 19, "codename": "add_highlightreel"}}, {"model": "auth.permission", "pk": 74, "fields": {"name": "Can change highlight reel", "content_type": 19, "codename": "change_highlightreel"}}, {"model": "auth.permission", "pk": 75, "fields": {"name": "Can delete highlight reel", "content_type": 19, "codename": "delete_highlightreel"}}, {"model": "auth.permission", "pk": 76, "fields": {"name": "Can view highlight reel", "content_type": 19, "codename": "view_highlightreel"}}, {"model": "auth.permission", "pk": 77, "fields": {"name": "Can add video clip", "content_type": 20, "codename": "add_videoclip"}}, {"model": "auth.permission", "pk": 78, "fields": {"name": "Can change video clip", "content_type": 20, "codename": "change_videoclip"}}, {"model": "auth.permission", "pk": 79, "fields": {"name": "Can delete video clip", "content_type": 20, "codename": "delete_videoclip"}}, {"model": "auth.permission", "pk": 80, "fields": {"name": "Can view video clip", "content_type": 20, "codename": "view_videoclip"}}, {"model": "auth.permission", "pk": 81, "fields": {"name": "Can add highlight clip association", "content_type": 21, "codename": "add_highlightclipassociation"}}, {"model": "auth.permission", "pk": 82, "fields": {"name": "Can change highlight clip association", "content_type": 21, "codename": "change_highlightclipassociation"}}, {"model": "auth.permission", "pk": 83, "fields": {"name": "Can delete highlight clip association", "content_type": 21, "codename": "delete_highlightclipassociation"}}, {"model": "auth.permission", "pk": 84, "fields": {"name": "Can view highlight clip association", "content_type": 21, "codename": "view_highlightclipassociation"}}, {"model": "auth.user", "pk": 2, "fields": {"password": "pbkdf2_sha256$870000$maBoSGdiNTR78hP1EnU0Sg$NqSASHPR4scmaRTmUGPFYTRYHBG01ZCWYhs7F7sljw0=", "last_login": null, "is_superuser": false, "username": "coach1", "first_name": "Coach", "last_name": "Eksempel", "email": "coach@example.com", "is_staff": false, "is_active": true, "date_joined": "2025-03-29T19:30:54.869Z", "groups": [], "user_permissions": []}}, {"model": "auth.user", "pk": 3, "fields": {"password": "pbkdf2_sha256$870000$rL91JrPMw8KdUN3VH4gNEe$SquNqnB8PGn+t0BbXH07t1gEkeoG7ADt7o7DF5Snj00=", "last_login": null, "is_superuser": false, "username": "player1", "first_name": "Spiller", "last_name": "Eksempel", "email": "player@example.com", "is_staff": false, "is_active": true, "date_joined": "2025-03-29T19:30:55.280Z", "groups": [], "user_permissions": []}}, {"model": "contenttypes.contenttype", "pk": 1, "fields": {"app_label": "admin", "model": "logentry"}}, {"model": "contenttypes.contenttype", "pk": 2, "fields": {"app_label": "auth", "model": "permission"}}, {"model": "contenttypes.contenttype", "pk": 3, "fields": {"app_label": "auth", "model": "group"}}, {"model": "contenttypes.contenttype", "pk": 4, "fields": {"app_label": "auth", "model": "user"}}, {"model": "contenttypes.contenttype", "pk": 5, "fields": {"app_label": "contenttypes", "model": "contenttype"}}, {"model": "contenttypes.contenttype", "pk": 6, "fields": {"app_label": "sessions", "model": "session"}}, {"model": "contenttypes.contenttype", "pk": 7, "fields": {"app_label": "teammanager", "model": "match"}}, {"model": "contenttypes.contenttype", "pk": 8, "fields": {"app_label": "teammanager", "model": "player"}}, {"model": "contenttypes.contenttype", "pk": 9, "fields": {"app_label": "teammanager", "model": "team"}}, {"model": "contenttypes.contenttype", "pk": 10, "fields": {"app_label": "teammanager", "model": "matchappearance"}}, {"model": "contenttypes.contenttype", "pk": 11, "fields": {"app_label": "teammanager", "model": "userprofile"}}, {"model": "contenttypes.contenttype", "pk": 12, "fields": {"app_label": "teammanager", "model": "formationtemplate"}}, {"model": "contenttypes.contenttype", "pk": 13, "fields": {"app_label": "teammanager", "model": "lineupposition"}}, {"model": "contenttypes.contenttype", "pk": 14, "fields": {"app_label": "teammanager", "model": "lineup"}}, {"model": "contenttypes.contenttype", "pk": 15, "fields": {"app_label": "teammanager", "model": "lineupplayerposition"}}, {"model": "contenttypes.contenttype", "pk": 16, "fields": {"app_label": "teammanager", "model": "matchsession"}}, {"model": "contenttypes.contenttype", "pk": 17, "fields": {"app_label": "teammanager", "model": "playersubstitution"}}, {"model": "contenttypes.contenttype", "pk": 18, "fields": {"app_label": "teammanager", "model": "playingtime"}}, {"model": "contenttypes.contenttype", "pk": 19, "fields": {"app_label": "teammanager", "model": "highlightreel"}}, {"model": "contenttypes.contenttype", "pk": 20, "fields": {"app_label": "teammanager", "model": "videoclip"}}, {"model": "contenttypes.contenttype", "pk": 21, "fields": {"app_label": "teammanager", "model": "highlightclipassociation"}}, {"model": "teammanager.userprofile", "pk": 26, "fields": {"user": 2, "role": "Coach", "status": "Approved", "player": null, "created_at": "2025-03-29T19:30:54.900Z"}}, {"model": "teammanager.userprofile", "pk": 27, "fields": {"user": 3, "role": "Player", "status": "Approved", "player": 232, "created_at": "2025-03-29T19:30:55.309Z"}}, {"model": "teammanager.team", "pk": 33, "fields": {"name": "Smørås G15", "description": "Smørås G15 football team", "created_at": "2025-03-29T19:30:52.893Z"}}, {"model": "teammanager.team", "pk": 34, "fields": {"name": "Smørås G16", "description": "Smørås G16 football team", "created_at": "2025-03-29T19:30:52.915Z"}}, {"model": "teammanager.team", "pk": 35, "fields": {"name": "Test Team 76684", "description": "Test team created for deployment restore testing at 2025-03-29 19:31:24", "created_at": "2025-03-29T19:31:24.514Z"}}, {"model": "teammanager.player", "pk": 232, "fields": {"first_name": "Aksel", "last_name": "Tørvik-Pedersen", "position": "", "date_of_birth": null, "email": "", "phone": "", "active": true, "created_at": "2025-03-29T19:30:52.932Z"}}, {"model": "teammanager.player", "pk": 233, "fields": {"first_name": "Anton", "last_name": "Ringwald von Mehren", "position": "", "date_of_birth": null, "email": "", "phone": "", "active": true, "created_at": "2025-03-29T19:30:52.948Z"}}, {"model": "teammanager.player", "pk": 234, "fields": {"first_name": "Aron", "last_name": "Sølberg", "position": "", "date_of_birth": null, "email": "", "phone": "", "active": true, "created_at": "2025-03-29T19:30:52.964Z"}}, {"model": "teammanager.player", "pk": 235, "fields": {"first_name": "Bastian", "last_name": "Hetland", "position": "", "date_of_birth": null, "email": "", "phone": "", "active": true, "created_at": "2025-03-29T19:30:52.981Z"}}, {"model": "teammanager.player", "pk": 236, "fields": {"first_name": "Brage", "last_name": "Kalsvik Wiig", "position": "", "date_of_birth": null, "email": "", "phone": "", "active": true, "created_at": "2025-03-29T19:30:52.998Z"}}, {"model": "teammanager.player", "pk": 237, "fields": {"first_name": "Eirik", "last_name": "Helgesen", "position": "", "date_of_birth": null, "email": "", "phone": "", "active": true, "created_at": "2025-03-29T19:30:53.015Z"}}, {"model": "teammanager.player", "pk": 238, "fields": {"first_name": "Eldar", "last_name": "Broms", "position": "", "date_of_birth": null, "email": "", "phone": "", "active": true, "created_at": "2025-03-29T19:30:53.032Z"}}, {"model": "teammanager.player", "pk": 239, "fields": {"first_name": "Filip August", "last_name": "Havre", "position": "", "date_of_birth": null, "email": "", "phone": "", "active": true, "created_at": "2025-03-29T19:30:53.048Z"}}, {"model": "teammanager.player", "pk": 240, "fields": {"first_name": "Ishak", "last_name": "Bozkurt", "position": "", "date_of_birth": null, "email": "", "phone": "", "active": true, "created_at": "2025-03-29T19:30:53.064Z"}}, {"model": "teammanager.player", "pk": 241, "fields": {"first_name": "Jonas", "last_name": "Sværen Langnes", "position": "", "date_of_birth": null, "email": "", "phone": "", "active": true, "created_at": "2025-03-29T19:30:53.080Z"}}, {"model": "teammanager.player", "pk": 242, "fields": {"first_name": "Julijan", "last_name": "Laastad", "position": "", "date_of_birth": null, "email": "", "phone": "", "active": true, "created_at": "2025-03-29T19:30:53.096Z"}}, {"model": "teammanager.player", "pk": 243, "fields": {"first_name": "Lars", "last_name": "Underdal Vik", "position": "", "date_of_birth": null, "email": "", "phone": "", "active": true, "created_at": "2025-03-29T19:30:53.113Z"}}, {"model": "teammanager.player", "pk": 244, "fields": {"first_name": "Lukas", "last_name": "Stordal", "position": "", "date_of_birth": null, "email": "", "phone": "", "active": true, "created_at": "2025-03-29T19:30:53.129Z"}}, {"model": "teammanager.player", "pk": 245, "fields": {"first_name": "Magnus", "last_name": "Lunde Dietz", "position": "", "date_of_birth": null, "email": "", "phone": "", "active": true, "created_at": "2025-03-29T19:30:53.145Z"}}, {"model": "teammanager.player", "pk": 246, "fields": {"first_name": "Marcus H", "last_name": "Leknes", "position": "", "date_of_birth": null, "email": "", "phone": "", "active": true, "created_at": "2025-03-29T19:30:53.161Z"}}, {"model": "teammanager.player", "pk": 247, "fields": {"first_name": "Markus", "last_name": "Birkeland", "position": "", "date_of_birth": null, "email": "", "phone": "", "active": true, "created_at": "2025-03-29T19:30:53.178Z"}}, {"model": "teammanager.player", "pk": 248, "fields": {"first_name": "Martin", "last_name": "Remøy Øvsthus", "position": "", "date_of_birth": null, "email": "", "phone": "", "active": true, "created_at": "2025-03-29T19:30:53.194Z"}}, {"model": "teammanager.player", "pk": 249, "fields": {"first_name": "Matheo", "last_name": "Brekke Nøttveit", "position": "", "date_of_birth": null, "email": "", "phone": "", "active": true, "created_at": "2025-03-29T19:30:53.209Z"}}, {"model": "teammanager.player", "pk": 250, "fields": {"first_name": "Nikolai", "last_name": "Vikebø Gjerde", "position": "", "date_of_birth": null, "email": "", "phone": "", "active": true, "created_at": "2025-03-29T19:30:53.225Z"}}, {"model": "teammanager.player", "pk": 251, "fields": {"first_name": "Noah", "last_name": "Selvik Nødtvedt", "position": "", "date_of_birth": null, "email": "", "phone": "", "active": true, "created_at": "2025-03-29T19:30:53.241Z"}}, {"model": "teammanager.player", "pk": 252, "fields": {"first_name": "Oscar", "last_name": "Spence", "position": "", "date_of_birth": null, "email": "", "phone": "", "active": true, "created_at": "2025-03-29T19:30:53.257Z"}}, {"model": "teammanager.player", "pk": 253, "fields": {"first_name": "Sverre", "last_name": "Oshaug Ingvaldsen", "position": "", "date_of_birth": null, "email": "", "phone": "", "active": true, "created_at": "2025-03-29T19:30:53.273Z"}}, {"model": "teammanager.player", "pk": 254, "fields": {"first_name": "Ulrik", "last_name": "Gurvin Rekeland", "position": "", "date_of_birth": null, "email": "", "phone": "", "active": true, "created_at": "2025-03-29T19:30:53.289Z"}}, {"model": "teammanager.player", "pk": 255, "fields": {"first_name": "TestPlayer76684", "last_name": "Deployment", "position": null, "date_of_birth": null, "email": null, "phone": null, "active": true, "created_at": "2025-03-29T19:31:24.536Z"}}, {"model": "teammanager.match", "pk": 26, "fields": {"smoras_team": 33, "opponent_name": "Fana IL", "location_type": "Home", "smoras_score": 3, "opponent_score": 1, "date": "2025-03-15T19:30:54.012Z", "location": "Smørås stadion", "match_type": "Series", "notes": null, "created_at": "2025-03-29T19:30:54.013Z"}}, {"model": "teammanager.match", "pk": 27, "fields": {"smoras_team": 33, "opponent_name": "Åsane FK", "location_type": "Away", "smoras_score": 2, "opponent_score": 2, "date": "2025-03-22T19:30:54.013Z", "location": "Åsane Arena", "match_type": "Series", "notes": null, "created_at": "2025-03-29T19:30:54.030Z"}}, {"model": "teammanager.match", "pk": 28, "fields": {"smoras_team": 34, "opponent_name": "Brann", "location_type": "Home", "smoras_score": 4, "opponent_score": 0, "date": "2025-03-26T19:30:54.013Z", "location": "Smørås stadion", "match_type": "Cup", "notes": null, "created_at": "2025-03-29T19:30:54.046Z"}}, {"model": "teammanager.match", "pk": 29, "fields": {"smoras_team": 35, "opponent_name": "Test Opponent 76684", "location_type": "Home", "smoras_score": 3, "opponent_score": 1, "date": "2025-03-29T19:31:24.551Z", "location": "Test Location 76684", "match_type": "Test", "notes": null, "created_at": "2025-03-29T19:31:24.552Z"}}, {"model": "teammanager.matchappearance", "pk": 328, "fields": {"player": 248, "match": 26, "team": 33, "minutes_played": 36, "goals": 0, "assists": 0, "yellow_cards": 0, "red_card": false}}, {"model": "teammanager.matchappearance", "pk": 329, "fields": {"player": 240, "match": 26, "team": 33, "minutes_played": 43, "goals": 0, "assists": 0, "yellow_cards": 0, "red_card": false}}, {"model": "teammanager.matchappearance", "pk": 330, "fields": {"player": 249, "match": 26, "team": 33, "minutes_played": 52, "goals": 0, "assists": 0, "yellow_cards": 0, "red_card": false}}, {"model": "teammanager.matchappearance", "pk": 331, "fields": {"player": 253, "match": 26, "team": 33, "minutes_played": 21, "goals": 0, "assists": 0, "yellow_cards": 0, "red_card": false}}, {"model": "teammanager.matchappearance", "pk": 332, "fields": {"player": 246, "match": 26, "team": 33, "minutes_played": 36, "goals": 0, "assists": 0, "yellow_cards": 0, "red_card": false}}, {"model": "teammanager.matchappearance", "pk": 333, "fields": {"player": 250, "match": 26, "team": 33, "minutes_played": 17, "goals": 2, "assists": 0, "yellow_cards": 0, "red_card": false}}, {"model": "teammanager.matchappearance", "pk": 334, "fields": {"player": 242, "match": 26, "team": 33, "minutes_played": 46, "goals": 0, "assists": 0, "yellow_cards": 0, "red_card": false}}, {"model": "teammanager.matchappearance", "pk": 335, "fields": {"player": 254, "match": 26, "team": 33, "minutes_played": 34, "goals": 0, "assists": 0, "yellow_cards": 0, "red_card": false}}, {"model": "teammanager.matchappearance", "pk": 336, "fields": {"player": 252, "match": 26, "team": 33, "minutes_played": 43, "goals": 0, "assists": 0, "yellow_cards": 0, "red_card": false}}, {"model": "teammanager.matchappearance", "pk": 337, "fields": {"player": 236, "match": 26, "team": 33, "minutes_played": 22, "goals": 0, "assists": 0, "yellow_cards": 0, "red_card": false}}, {"model": "teammanager.matchappearance", "pk": 338, "fields": {"player": 245, "match": 26, "team": 33, "minutes_played": 46, "goals": 0, "assists": 0, "yellow_cards": 0, "red_card": false}}, {"model": "teammanager.matchappearance", "pk": 339, "fields": {"player": 237, "match": 26, "team": 33, "minutes_played": 42, "goals": 0, "assists": 2, "yellow_cards": 0, "red_card": false}}, {"model": "teammanager.matchappearance", "pk": 340, "fields": {"player": 241, "match": 26, "team": 33, "minutes_played": 70, "goals": 0, "assists": 0, "yellow_cards": 1, "red_card": false}}, {"model": "teammanager.matchappearance", "pk": 341, "fields": {"player": 251, "match": 26, "team": 33, "minutes_played": 70, "goals": 0, "assists": 0, "yellow_cards": 0, "red_card": false}}, {"model": "teammanager.matchappearance", "pk": 342, "fields": {"player": 234, "match": 26, "team": 33, "minutes_played": 17, "goals": 0, "assists": 0, "yellow_cards": 0, "red_card": false}}, {"model": "teammanager.matchappearance", "pk": 343, "fields": {"player": 247, "match": 26, "team": 33, "minutes_played": 59, "goals": 0, "assists": 0, "yellow_cards": 0, "red_card": false}}, {"model": "teammanager.matchappearance", "pk": 344, "fields": {"player": 235, "match": 27, "team": 33, "minutes_played": 18, "goals": 1, "assists": 2, "yellow_cards": 0, "red_card": false}}, {"model": "teammanager.matchappearance", "pk": 345, "fields": {"player": 254, "match": 27, "team": 33, "minutes_played": 21, "goals": 0, "assists": 0, "yellow_cards": 0, "red_card": false}}, {"model": "teammanager.matchappearance", "pk": 346, "fields": {"player": 240, "match": 27, "team": 33, "minutes_played": 63, "goals": 0, "assists": 0, "yellow_cards": 0, "red_card": false}}, {"model": "teammanager.matchappearance", "pk": 347, "fields": {"player": 252, "match": 27, "team": 33, "minutes_played": 28, "goals": 0, "assists": 0, "yellow_cards": 0, "red_card": false}}, {"model": "teammanager.matchappearance", "pk": 348, "fields": {"player": 236, "match": 27, "team": 33, "minutes_played": 32, "goals": 0, "assists": 0, "yellow_cards": 0, "red_card": false}}, {"model": "teammanager.matchappearance", "pk": 349, "fields": {"player": 247, "match": 27, "team": 33, "minutes_played": 60, "goals": 0, "assists": 0, "yellow_cards": 0, "red_card": false}}, {"model": "teammanager.matchappearance", "pk": 350, "fields": {"player": 250, "match": 27, "team": 33, "minutes_played": 25, "goals": 1, "assists": 0, "yellow_cards": 0, "red_card": false}}, {"model": "teammanager.matchappearance", "pk": 351, "fields": {"player": 244, "match": 27, "team": 33, "minutes_played": 20, "goals": 0, "assists": 0, "yellow_cards": 0, "red_card": false}}, {"model": "teammanager.matchappearance", "pk": 352, "fields": {"player": 237, "match": 27, "team": 33, "minutes_played": 65, "goals": 0, "assists": 0, "yellow_cards": 0, "red_card": false}}, {"model": "teammanager.matchappearance", "pk": 353, "fields": {"player": 246, "match": 27, "team": 33, "minutes_played": 34, "goals": 1, "assists": 0, "yellow_cards": 0, "red_card": false}}, {"model": "teammanager.matchappearance", "pk": 354, "fields": {"player": 251, "match": 27, "team": 33, "minutes_played": 63, "goals": 0, "assists": 0, "yellow_cards": 0, "red_card": false}}, {"model": "teammanager.matchappearance", "pk": 355, "fields": {"player": 232, "match": 27, "team": 33, "minutes_played": 28, "goals": 0, "assists": 1, "yellow_cards": 0, "red_card": false}}, {"model": "teammanager.matchappearance", "pk": 356, "fields": {"player": 238, "match": 27, "team": 33, "minutes_played": 31, "goals": 0, "assists": 2, "yellow_cards": 0, "red_card": false}}, {"model": "teammanager.matchappearance", "pk": 357, "fields": {"player": 241, "match": 28, "team": 34, "minutes_played": 21, "goals": 0, "assists": 0, "yellow_cards": 0, "red_card": false}}, {"model": "teammanager.matchappearance", "pk": 358, "fields": {"player": 248, "match": 28, "team": 34, "minutes_played": 57, "goals": 0, "assists": 0, "yellow_cards": 0, "red_card": false}}, {"model": "teammanager.matchappearance", "pk": 359, "fields": {"player": 247, "match": 28, "team": 34, "minutes_played": 39, "goals": 1, "assists": 2, "yellow_cards": 0, "red_card": false}}, {"model": "teammanager.matchappearance", "pk": 360, "fields": {"player": 236, "match": 28, "team": 34, "minutes_played": 12, "goals": 1, "assists": 0, "yellow_cards": 0, "red_card": false}}, {"model": "teammanager.matchappearance", "pk": 361, "fields": {"player": 244, "match": 28, "team": 34, "minutes_played": 62, "goals": 0, "assists": 2, "yellow_cards": 0, "red_card": false}}, {"model": "teammanager.matchappearance", "pk": 362, "fields": {"player": 254, "match": 28, "team": 34, "minutes_played": 16, "goals": 0, "assists": 0, "yellow_cards": 0, "red_card": false}}, {"model": "teammanager.matchappearance", "pk": 363, "fields": {"player": 246, "match": 28, "team": 34, "minutes_played": 19, "goals": 0, "assists": 2, "yellow_cards": 0, "red_card": false}}, {"model": "teammanager.matchappearance", "pk": 364, "fields": {"player": 238, "match": 28, "team": 34, "minutes_played": 15, "goals": 0, "assists": 0, "yellow_cards": 0, "red_card": false}}, {"model": "teammanager.matchappearance", "pk": 365, "fields": {"player": 235, "match": 28, "team": 34, "minutes_played": 20, "goals": 0, "assists": 0, "yellow_cards": 0, "red_card": false}}, {"model": "teammanager.matchappearance", "pk": 366, "fields": {"player": 253, "match": 28, "team": 34, "minutes_played": 42, "goals": 2, "assists": 0, "yellow_cards": 0, "red_card": false}}, {"model": "teammanager.matchappearance", "pk": 367, "fields": {"player": 240, "match": 28, "team": 34, "minutes_played": 49, "goals": 0, "assists": 0, "yellow_cards": 0, "red_card": false}}, {"model": "teammanager.matchappearance", "pk": 368, "fields": {"player": 245, "match": 28, "team": 34, "minutes_played": 16, "goals": 0, "assists": 0, "yellow_cards": 1, "red_card": false}}, {"model": "teammanager.matchappearance", "pk": 369, "fields": {"player": 251, "match": 28, "team": 34, "minutes_played": 10, "goals": 0, "assists": 0, "yellow_cards": 1, "red_card": false}}, {"model": "teammanager.formationtemplate", "pk": 23, "fields": {"name": "2-2 (5er)", "description": "2-2 formation for 5er football", "formation_structure": "2-2", "player_count": 5, "created_at": "2025-03-29T19:30:53.321Z"}}, {"model": "teammanager.formationtemplate", "pk": 24, "fields": {"name": "1-2-1 (5er)", "description": "1-2-1 formation for 5er football", "formation_structure": "1-2-1", "player_count": 5, "created_at": "2025-03-29T19:30:53.355Z"}}, {"model": "teammanager.formationtemplate", "pk": 25, "fields": {"name": "1-1-2 (5er)", "description": "1-1-2 formation for 5er football", "formation_structure": "1-1-2", "player_count": 5, "created_at": "2025-03-29T19:30:53.387Z"}}, {"model": "teammanager.formationtemplate", "pk": 26, "fields": {"name": "2-1-1 (5er)", "description": "2-1-1 formation for 5er football", "formation_structure": "2-1-1", "player_count": 5, "created_at": "2025-03-29T19:30:53.418Z"}}, {"model": "teammanager.formationtemplate", "pk": 27, "fields": {"name": "2-3-1 (7er)", "description": "2-3-1 formation for 7er football", "formation_structure": "2-3-1", "player_count": 7, "created_at": "2025-03-29T19:30:53.450Z"}}, {"model": "teammanager.formationtemplate", "pk": 28, "fields": {"name": "3-2-1 (7er)", "description": "3-2-1 formation for 7er football", "formation_structure": "3-2-1", "player_count": 7, "created_at": "2025-03-29T19:30:53.481Z"}}, {"model": "teammanager.formationtemplate", "pk": 29, "fields": {"name": "3-1-2 (7er)", "description": "3-1-2 formation for 7er football", "formation_structure": "3-1-2", "player_count": 7, "created_at": "2025-03-29T19:30:53.513Z"}}, {"model": "teammanager.formationtemplate", "pk": 30, "fields": {"name": "2-1-3 (7er)", "description": "2-1-3 formation for 7er football", "formation_structure": "2-1-3", "player_count": 7, "created_at": "2025-03-29T19:30:53.544Z"}}, {"model": "teammanager.formationtemplate", "pk": 31, "fields": {"name": "2-2-2 (7er)", "description": "2-2-2 formation for 7er football", "formation_structure": "2-2-2", "player_count": 7, "created_at": "2025-03-29T19:30:53.576Z"}}, {"model": "teammanager.formationtemplate", "pk": 32, "fields": {"name": "3-3 (7er)", "description": "3-3 formation for 7er football", "formation_structure": "3-3", "player_count": 7, "created_at": "2025-03-29T19:30:53.608Z"}}, {"model": "teammanager.formationtemplate", "pk": 33, "fields": {"name": "2-4 (7er)", "description": "2-4 formation for 7er football", "formation_structure": "2-4", "player_count": 7, "created_at": "2025-03-29T19:30:53.639Z"}}, {"model": "teammanager.formationtemplate", "pk": 34, "fields": {"name": "4-2 (7er)", "description": "4-2 formation for 7er football", "formation_structure": "4-2", "player_count": 7, "created_at": "2025-03-29T19:30:53.672Z"}}, {"model": "teammanager.formationtemplate", "pk": 35, "fields": {"name": "3-2-3 (9er)", "description": "3-2-3 formation for 9er football", "formation_structure": "3-2-3", "player_count": 9, "created_at": "2025-03-29T19:30:53.704Z"}}, {"model": "teammanager.formationtemplate", "pk": 36, "fields": {"name": "3-3-2 (9er)", "description": "3-3-2 formation for 9er football", "formation_structure": "3-3-2", "player_count": 9, "created_at": "2025-03-29T19:30:53.736Z"}}, {"model": "teammanager.formationtemplate", "pk": 37, "fields": {"name": "3-4-1 (9er)", "description": "3-4-1 formation for 9er football", "formation_structure": "3-4-1", "player_count": 9, "created_at": "2025-03-29T19:30:53.768Z"}}, {"model": "teammanager.formationtemplate", "pk": 38, "fields": {"name": "4-3-1 (9er)", "description": "4-3-1 formation for 9er football", "formation_structure": "4-3-1", "player_count": 9, "created_at": "2025-03-29T19:30:53.800Z"}}, {"model": "teammanager.formationtemplate", "pk": 39, "fields": {"name": "4-4-2 (11er)", "description": "4-4-2 formation for 11er football", "formation_structure": "4-4-2", "player_count": 11, "created_at": "2025-03-29T19:30:53.832Z"}}, {"model": "teammanager.formationtemplate", "pk": 40, "fields": {"name": "4-3-3 (11er)", "description": "4-3-3 formation for 11er football", "formation_structure": "4-3-3", "player_count": 11, "created_at": "2025-03-29T19:30:53.865Z"}}, {"model": "teammanager.formationtemplate", "pk": 41, "fields": {"name": "4-2-3-1 (11er)", "description": "4-2-3-1 formation for 11er football", "formation_structure": "4-2-3-1", "player_count": 11, "created_at": "2025-03-29T19:30:53.899Z"}}, {"model": "teammanager.formationtemplate", "pk": 42, "fields": {"name": "3-5-2 (11er)", "description": "3-5-2 formation for 11er football", "formation_structure": "3-5-2", "player_count": 11, "created_at": "2025-03-29T19:30:53.931Z"}}, {"model": "teammanager.formationtemplate", "pk": 43, "fields": {"name": "5-3-2 (11er)", "description": "5-3-2 formation for 11er football", "formation_structure": "5-3-2", "player_count": 11, "created_at": "2025-03-29T19:30:53.965Z"}}, {"model": "teammanager.formationtemplate", "pk": 44, "fields": {"name": "3-4-3 (11er)", "description": "3-4-3 formation for 11er football", "formation_structure": "3-4-3", "player_count": 11, "created_at": "2025-03-29T19:30:53.997Z"}}, {"model": "teammanager.matchsession", "pk": 13, "fields": {"match": 26, "name": "Game Day 1", "created_by": null, "created_at": "2025-03-29T19:30:54.767Z", "updated_at": "2025-03-29T19:30:54.767Z", "periods": 2, "period_length": 25, "substitution_interval": 5, "is_active": false, "start_time": "2025-03-29T18:30:54.767Z", "current_period": 1, "elapsed_time": 0}}, {"model": "teammanager.matchsession", "pk": 14, "fields": {"match": 27, "name": "Game Day 4", "created_by": null, "created_at": "2025-03-29T19:30:54.787Z", "updated_at": "2025-03-29T19:30:54.820Z", "periods": 2, "period_length": 25, "substitution_interval": 5, "is_active": true, "start_time": "2025-03-29T16:30:54.787Z", "current_period": 1, "elapsed_time": 0}}, {"model": "teammanager.matchsession", "pk": 15, "fields": {"match": 28, "name": "Game Day 3", "created_by": null, "created_at": "2025-03-29T19:30:54.803Z", "updated_at": "2025-03-29T19:30:54.803Z", "periods": 2, "period_length": 25, "substitution_interval": 5, "is_active": false, "start_time": "2025-03-29T17:30:54.803Z", "current_period": 1, "elapsed_time": 0}}]