[{"model": "auth.user", "pk": 1, "fields": {"password": "!kISLHFrLQTc4y892mBY1OQAtfz1axF4yHo5AhzhJ", "last_login": null, "is_superuser": true, "username": "admin", "first_name": "", "last_name": "", "email": "admin@example.com", "is_staff": true, "is_active": true, "date_joined": "2025-03-22T21:35:53.778Z", "groups": [], "user_permissions": []}}, {"model": "auth.user", "pk": 2, "fields": {"password": "pbkdf2_sha256$870000$uy2qAb7S7BL6kj7aHEaD3v$lG+/BQVEx+LYzQpQmzHHlrGSFCla9fFH4J/xXhODKO4=", "last_login": null, "is_superuser": true, "username": "testuser", "first_name": "", "last_name": "", "email": "test@example.com", "is_staff": true, "is_active": true, "date_joined": "2025-03-22T23:38:00.154Z", "groups": [], "user_permissions": []}}, {"model": "auth.user", "pk": 3, "fields": {"password": "pbkdf2_sha256$870000$QygZEU14ugcrNcMfiiBEGN$JNg1hkL9gWksq8KxiuFkhqpjF4KZ6gWdq5Ou1tyUiUA=", "last_login": null, "is_superuser": false, "username": "coach", "first_name": "Coach", "last_name": "", "email": "coach@smoras.no", "is_staff": false, "is_active": true, "date_joined": "2025-03-24T20:41:48.515Z", "groups": [], "user_permissions": []}}, {"model": "auth.user", "pk": 5, "fields": {"password": "pbkdf2_sha256$870000$q2dJEa243rFVtZ7TdRp98d$Z+Ns7LjtfXp01GgUmDPdwSI8O7c82l3r5AYP3oMQxAs=", "last_login": null, "is_superuser": false, "username": "testadmin", "first_name": "Admin", "last_name": "", "email": "testadmin@example.com", "is_staff": false, "is_active": true, "date_joined": "2025-03-24T21:14:30.313Z", "groups": [], "user_permissions": []}}, {"model": "auth.user", "pk": 8, "fields": {"password": "pbkdf2_sha256$870000$9JLjRbasnY7ZwbIWC8XBQV$slsX4NZxRJkka7ZsXZkxkawNbWCbTRPjexP34XXODIQ=", "last_login": "2025-03-27T20:16:50.836Z", "is_superuser": true, "username": "superadmin", "first_name": "Super", "last_name": "Admin", "email": "admin@example.com", "is_staff": true, "is_active": true, "date_joined": "2025-03-24T22:08:34.961Z", "groups": [], "user_permissions": []}}, {"model": "auth.user", "pk": 9, "fields": {"password": "pbkdf2_sha256$870000$WR0XBytEa7kzN6Q8LQlvrz$2gXgkLDdd4vXuq1iVUks7HTW9ekBFnWduv2XQEgLnTU=", "last_login": null, "is_superuser": true, "username": "djadmin", "first_name": "", "last_name": "", "email": "djadmin@example.com", "is_staff": true, "is_active": true, "date_joined": "2025-03-26T06:09:32.192Z", "groups": [], "user_permissions": []}}, {"model": "sessions.session", "pk": "04v3tydti0js7cyarscd2fgbn871yt6l", "fields": {"session_data": ".eJxVjMsOwiAQRf-FtSHDNDDg0r3fQIaXVA0kpV0Z_12bdKHbe865L-F5W6vfRl78nMRZWHH63QLHR247SHduty5jb-syB7kr8qBDXnvKz8vh_h1UHvVbB6CoSg7WOYqUoRhtEBUjooOgmdjRBEaZiahEQIi6ZDBkbZgQAMX7A8-bNq8:1txVn8:feMTcx6kUD2pj2kBSCgTausT5789W2bclhPfjAvcbqk", "expire_date": "2025-04-09T18:47:54.352Z"}}, {"model": "sessions.session", "pk": "4pjh0xdhkap9b7zzmtmq1sg6sq4170nq", "fields": {"session_data": ".eJxVjEEOwiAQRe_C2pCBCQVcuvcMBJhBqgaS0q6Md9cmXej2v_f-S4S4rTVsg5cwkzgLJ06_W4r5wW0HdI_t1mXubV3mJHdFHnTIayd-Xg7376DGUb-19uBVslyAFIPWGCet0BRnHBpl0XMG0uRLdFTIoHNeI6Q8Za8sFBbvD8UvN08:1txtek:4UP8xozhvYn0n679QLqtqPAhlVjAWPZeh9FbYS7dPNY", "expire_date": "2025-04-10T20:16:50.867Z"}}, {"model": "teammanager.userprofile", "pk": 1, "fields": {"user": ["coach"], "role": "admin", "status": "approved", "player": null, "created_at": "2025-03-24T20:41:48.801Z"}}, {"model": "teammanager.userprofile", "pk": 3, "fields": {"user": ["testadmin"], "role": "admin", "status": "approved", "player": null, "created_at": "2025-03-24T21:14:30.671Z"}}, {"model": "teammanager.userprofile", "pk": 6, "fields": {"user": ["superadmin"], "role": "admin", "status": "approved", "player": null, "created_at": "2025-03-24T22:08:35.281Z"}}, {"model": "teammanager.userprofile", "pk": 7, "fields": {"user": ["djadmin"], "role": "admin", "status": "approved", "player": null, "created_at": "2025-03-26T06:09:32.225Z"}}, {"model": "teammanager.team", "pk": 5, "fields": {"name": "Smørås ferrari", "description": "Smørås G15 team", "created_at": "2025-03-23T00:41:10.567Z"}}, {"model": "teammanager.team", "pk": 6, "fields": {"name": "Smørås Maserati", "description": "Smørås G16 team", "created_at": "2025-03-23T00:41:10.580Z"}}, {"model": "teammanager.team", "pk": 7, "fields": {"name": "test", "description": "test", "created_at": "2025-03-27T20:31:47.134Z"}}, {"model": "teammanager.player", "pk": 47, "fields": {"first_name": "Aksel", "last_name": "Tørvik-Pedersen", "position": "Forward", "date_of_birth": null, "email": null, "phone": null, "active": true, "created_at": "2025-03-23T00:41:10.592Z"}}, {"model": "teammanager.player", "pk": 48, "fields": {"first_name": "Anton", "last_name": "Ringwald von Mehren", "position": "Midfielder", "date_of_birth": null, "email": null, "phone": null, "active": true, "created_at": "2025-03-23T00:41:10.602Z"}}, {"model": "teammanager.player", "pk": 49, "fields": {"first_name": "Aron", "last_name": "Sølberg", "position": "Defender", "date_of_birth": null, "email": null, "phone": null, "active": true, "created_at": "2025-03-23T00:41:10.614Z"}}, {"model": "teammanager.player", "pk": 50, "fields": {"first_name": "Bastian", "last_name": "Hetland", "position": "Midfielder", "date_of_birth": null, "email": null, "phone": null, "active": true, "created_at": "2025-03-23T00:41:10.628Z"}}, {"model": "teammanager.player", "pk": 51, "fields": {"first_name": "Brage", "last_name": "Kalsvik Wiig", "position": "Defender", "date_of_birth": null, "email": null, "phone": null, "active": true, "created_at": "2025-03-23T00:41:10.641Z"}}, {"model": "teammanager.player", "pk": 52, "fields": {"first_name": "Eirik", "last_name": "Helgesen", "position": "Forward", "date_of_birth": null, "email": null, "phone": null, "active": true, "created_at": "2025-03-23T00:41:10.654Z"}}, {"model": "teammanager.player", "pk": 53, "fields": {"first_name": "Eldar", "last_name": "Broms", "position": "Midfielder", "date_of_birth": null, "email": null, "phone": null, "active": true, "created_at": "2025-03-23T00:41:10.667Z"}}, {"model": "teammanager.player", "pk": 54, "fields": {"first_name": "Filip", "last_name": "August Havre", "position": "Defender", "date_of_birth": null, "email": null, "phone": null, "active": true, "created_at": "2025-03-23T00:41:10.679Z"}}, {"model": "teammanager.player", "pk": 55, "fields": {"first_name": "Ishak", "last_name": "Bozkurt", "position": "Forward", "date_of_birth": null, "email": null, "phone": null, "active": true, "created_at": "2025-03-23T00:41:10.691Z"}}, {"model": "teammanager.player", "pk": 56, "fields": {"first_name": "Jonas", "last_name": "Sværen Langnes", "position": "Midfielder", "date_of_birth": null, "email": null, "phone": null, "active": true, "created_at": "2025-03-23T00:41:10.704Z"}}, {"model": "teammanager.player", "pk": 57, "fields": {"first_name": "Julijan", "last_name": "Laastad", "position": "Defender", "date_of_birth": null, "email": null, "phone": null, "active": true, "created_at": "2025-03-23T00:41:10.719Z"}}, {"model": "teammanager.player", "pk": 58, "fields": {"first_name": "Lars", "last_name": "Underdal Vik", "position": "Midfielder", "date_of_birth": null, "email": null, "phone": null, "active": true, "created_at": "2025-03-23T00:41:10.732Z"}}, {"model": "teammanager.player", "pk": 59, "fields": {"first_name": "Lukas", "last_name": "Stordal", "position": "Forward", "date_of_birth": null, "email": null, "phone": null, "active": true, "created_at": "2025-03-23T00:41:10.745Z"}}, {"model": "teammanager.player", "pk": 60, "fields": {"first_name": "Magnus", "last_name": "Lunde Dietz", "position": "Defender", "date_of_birth": null, "email": null, "phone": null, "active": true, "created_at": "2025-03-23T00:41:10.759Z"}}, {"model": "teammanager.player", "pk": 61, "fields": {"first_name": "Marcus", "last_name": "H Leknes", "position": "Midfielder", "date_of_birth": null, "email": null, "phone": null, "active": true, "created_at": "2025-03-23T00:41:10.774Z"}}, {"model": "teammanager.player", "pk": 62, "fields": {"first_name": "Markus", "last_name": "Birkeland", "position": "Forward", "date_of_birth": null, "email": null, "phone": null, "active": true, "created_at": "2025-03-23T00:41:10.787Z"}}, {"model": "teammanager.player", "pk": 63, "fields": {"first_name": "Martin", "last_name": "Remøy Øvsthus", "position": "Midfielder", "date_of_birth": null, "email": null, "phone": null, "active": true, "created_at": "2025-03-23T00:41:10.799Z"}}, {"model": "teammanager.player", "pk": 64, "fields": {"first_name": "Matheo", "last_name": "Brekke Nøttveit", "position": "Defender", "date_of_birth": null, "email": null, "phone": null, "active": true, "created_at": "2025-03-23T00:41:10.812Z"}}, {"model": "teammanager.player", "pk": 65, "fields": {"first_name": "Nikolai", "last_name": "Vikebø Gjerde", "position": "Forward", "date_of_birth": null, "email": null, "phone": null, "active": true, "created_at": "2025-03-23T00:41:10.827Z"}}, {"model": "teammanager.player", "pk": 66, "fields": {"first_name": "Noah", "last_name": "Selvik Nødtvedt", "position": "Midfielder", "date_of_birth": null, "email": null, "phone": null, "active": true, "created_at": "2025-03-23T00:41:10.846Z"}}, {"model": "teammanager.player", "pk": 67, "fields": {"first_name": "Oscar", "last_name": "Spence", "position": "Defender", "date_of_birth": null, "email": null, "phone": null, "active": true, "created_at": "2025-03-23T00:41:10.859Z"}}, {"model": "teammanager.player", "pk": 68, "fields": {"first_name": "Sverre", "last_name": "Oshaug Ingvaldsen", "position": "Midfielder", "date_of_birth": null, "email": null, "phone": null, "active": true, "created_at": "2025-03-23T00:41:10.872Z"}}, {"model": "teammanager.player", "pk": 69, "fields": {"first_name": "Ulrik", "last_name": "Gurvin Rekeland", "position": "Forward", "date_of_birth": null, "email": null, "phone": null, "active": true, "created_at": "2025-03-23T00:41:10.889Z"}}, {"model": "teammanager.match", "pk": 21, "fields": {"smoras_team": 5, "opponent_name": "Fana Ulsmåg 1", "location_type": "Away", "smoras_score": 0, "opponent_score": 0, "date": "2025-03-26T18:00:00Z", "location": "Ulsmåg Banen", "match_type": "Friendly", "notes": "", "created_at": "2025-03-26T22:10:40.613Z"}}, {"model": "teammanager.match", "pk": 22, "fields": {"smoras_team": 6, "opponent_name": "Fana Ulsmåg 2", "location_type": "Home", "smoras_score": 0, "opponent_score": 0, "date": "2025-03-27T23:47:00Z", "location": "Apeltun Skole", "match_type": "Friendly", "notes": "", "created_at": "2025-03-26T22:47:19.758Z"}}, {"model": "teammanager.matchappearance", "pk": 261, "fields": {"player": 47, "match": 21, "team": 5, "minutes_played": 2, "goals": 0, "assists": 0, "yellow_cards": 0, "red_card": false}}, {"model": "teammanager.matchappearance", "pk": 262, "fields": {"player": 48, "match": 21, "team": 5, "minutes_played": 0, "goals": 0, "assists": 0, "yellow_cards": 0, "red_card": false}}, {"model": "teammanager.matchappearance", "pk": 263, "fields": {"player": 50, "match": 21, "team": 5, "minutes_played": 2, "goals": 0, "assists": 0, "yellow_cards": 0, "red_card": false}}, {"model": "teammanager.matchappearance", "pk": 264, "fields": {"player": 53, "match": 21, "team": 5, "minutes_played": 2, "goals": 0, "assists": 0, "yellow_cards": 0, "red_card": false}}, {"model": "teammanager.matchappearance", "pk": 265, "fields": {"player": 55, "match": 21, "team": 5, "minutes_played": 2, "goals": 0, "assists": 0, "yellow_cards": 0, "red_card": false}}, {"model": "teammanager.matchappearance", "pk": 266, "fields": {"player": 58, "match": 21, "team": 5, "minutes_played": 2, "goals": 0, "assists": 0, "yellow_cards": 0, "red_card": false}}, {"model": "teammanager.matchappearance", "pk": 267, "fields": {"player": 59, "match": 21, "team": 5, "minutes_played": 0, "goals": 0, "assists": 0, "yellow_cards": 0, "red_card": false}}, {"model": "teammanager.matchappearance", "pk": 268, "fields": {"player": 62, "match": 21, "team": 5, "minutes_played": 2, "goals": 0, "assists": 0, "yellow_cards": 0, "red_card": false}}, {"model": "teammanager.matchappearance", "pk": 269, "fields": {"player": 69, "match": 21, "team": 5, "minutes_played": 2, "goals": 0, "assists": 0, "yellow_cards": 0, "red_card": false}}, {"model": "teammanager.matchappearance", "pk": 270, "fields": {"player": 53, "match": 22, "team": 6, "minutes_played": null, "goals": 0, "assists": 0, "yellow_cards": 0, "red_card": false}}, {"model": "teammanager.matchappearance", "pk": 271, "fields": {"player": 55, "match": 22, "team": 6, "minutes_played": null, "goals": 0, "assists": 0, "yellow_cards": 0, "red_card": false}}, {"model": "teammanager.matchappearance", "pk": 272, "fields": {"player": 56, "match": 22, "team": 6, "minutes_played": null, "goals": 0, "assists": 0, "yellow_cards": 0, "red_card": false}}, {"model": "teammanager.matchappearance", "pk": 273, "fields": {"player": 57, "match": 22, "team": 6, "minutes_played": null, "goals": 0, "assists": 0, "yellow_cards": 0, "red_card": false}}, {"model": "teammanager.matchappearance", "pk": 274, "fields": {"player": 61, "match": 22, "team": 6, "minutes_played": null, "goals": 0, "assists": 0, "yellow_cards": 0, "red_card": false}}, {"model": "teammanager.matchappearance", "pk": 275, "fields": {"player": 62, "match": 22, "team": 6, "minutes_played": null, "goals": 0, "assists": 0, "yellow_cards": 0, "red_card": false}}, {"model": "teammanager.matchappearance", "pk": 276, "fields": {"player": 63, "match": 22, "team": 6, "minutes_played": null, "goals": 0, "assists": 0, "yellow_cards": 0, "red_card": false}}, {"model": "teammanager.matchappearance", "pk": 277, "fields": {"player": 64, "match": 22, "team": 6, "minutes_played": null, "goals": 0, "assists": 0, "yellow_cards": 0, "red_card": false}}, {"model": "teammanager.matchappearance", "pk": 278, "fields": {"player": 65, "match": 22, "team": 6, "minutes_played": null, "goals": 0, "assists": 0, "yellow_cards": 0, "red_card": false}}, {"model": "teammanager.matchappearance", "pk": 279, "fields": {"player": 66, "match": 22, "team": 6, "minutes_played": null, "goals": 0, "assists": 0, "yellow_cards": 0, "red_card": false}}, {"model": "teammanager.formationtemplate", "pk": 1, "fields": {"name": "2-2 (5er)", "description": "Standard 5er formation med 2 forsvarere og 2 angripere", "formation_structure": "2-2", "player_count": 5, "created_at": "2025-03-26T14:16:41.572Z"}}, {"model": "teammanager.formationtemplate", "pk": 2, "fields": {"name": "1-2-1 (5er)", "description": "5er formation med midtbanespillere", "formation_structure": "1-2-1", "player_count": 5, "created_at": "2025-03-26T14:16:41.590Z"}}, {"model": "teammanager.formationtemplate", "pk": 3, "fields": {"name": "1-1-2 (5er)", "description": "5er formation med fokus på angrep", "formation_structure": "1-1-2", "player_count": 5, "created_at": "2025-03-26T14:16:41.606Z"}}, {"model": "teammanager.formationtemplate", "pk": 4, "fields": {"name": "2-1-1 (5er)", "description": "5er formation med fokus på forsvar", "formation_structure": "2-1-1", "player_count": 5, "created_at": "2025-03-26T14:16:41.627Z"}}, {"model": "teammanager.formationtemplate", "pk": 5, "fields": {"name": "2-3-1 (7er)", "description": "Standard 7er formation med midtbanefokus", "formation_structure": "2-3-1", "player_count": 7, "created_at": "2025-03-26T14:16:41.643Z"}}, {"model": "teammanager.formationtemplate", "pk": 6, "fields": {"name": "3-2-1 (7er)", "description": "7er formation med sterkt forsvar", "formation_structure": "3-2-1", "player_count": 7, "created_at": "2025-03-26T14:16:41.659Z"}}, {"model": "teammanager.formationtemplate", "pk": 7, "fields": {"name": "3-1-2 (7er)", "description": "7er formation med to angripere", "formation_structure": "3-1-2", "player_count": 7, "created_at": "2025-03-26T14:16:41.675Z"}}, {"model": "teammanager.formationtemplate", "pk": 8, "fields": {"name": "2-1-3 (7er)", "description": "7er formation med sterkt angrep", "formation_structure": "2-1-3", "player_count": 7, "created_at": "2025-03-26T14:16:41.691Z"}}, {"model": "teammanager.formationtemplate", "pk": 9, "fields": {"name": "2-2-2 (7er)", "description": "Balansert 7er formation", "formation_structure": "2-2-2", "player_count": 7, "created_at": "2025-03-26T14:16:41.708Z"}}, {"model": "teammanager.formationtemplate", "pk": 10, "fields": {"name": "3-3 (7er)", "description": "Klassisk 7er formation uten spiss", "formation_structure": "3-3", "player_count": 7, "created_at": "2025-03-26T14:16:41.722Z"}}, {"model": "teammanager.formationtemplate", "pk": 11, "fields": {"name": "2-4 (7er)", "description": "Offensiv 7er formation", "formation_structure": "2-4", "player_count": 7, "created_at": "2025-03-26T14:16:41.738Z"}}, {"model": "teammanager.formationtemplate", "pk": 12, "fields": {"name": "4-2 (7er)", "description": "Defensiv 7er formation", "formation_structure": "4-2", "player_count": 7, "created_at": "2025-03-26T14:16:41.751Z"}}, {"model": "teammanager.formationtemplate", "pk": 13, "fields": {"name": "3-2-3 (9er)", "description": "Balansert 9er formation", "formation_structure": "3-2-3", "player_count": 9, "created_at": "2025-03-26T14:16:41.767Z"}}, {"model": "teammanager.formationtemplate", "pk": 14, "fields": {"name": "3-3-2 (9er)", "description": "Standard 9er formation med midtbanefokus", "formation_structure": "3-3-2", "player_count": 9, "created_at": "2025-03-26T14:16:41.781Z"}}, {"model": "teammanager.formationtemplate", "pk": 15, "fields": {"name": "3-4-1 (9er)", "description": "9er formation med sterk midtbane", "formation_structure": "3-4-1", "player_count": 9, "created_at": "2025-03-26T14:16:41.796Z"}}, {"model": "teammanager.formationtemplate", "pk": 16, "fields": {"name": "4-3-1 (9er)", "description": "Defensiv 9er formation", "formation_structure": "4-3-1", "player_count": 9, "created_at": "2025-03-26T14:16:41.810Z"}}, {"model": "teammanager.formationtemplate", "pk": 17, "fields": {"name": "4-4-2 (11er)", "description": "Klassisk 11er formation", "formation_structure": "4-4-2", "player_count": 11, "created_at": "2025-03-26T14:16:41.822Z"}}, {"model": "teammanager.formationtemplate", "pk": 18, "fields": {"name": "4-3-3 (11er)", "description": "Offensiv 11er formation", "formation_structure": "4-3-3", "player_count": 11, "created_at": "2025-03-26T14:16:41.837Z"}}, {"model": "teammanager.formationtemplate", "pk": 19, "fields": {"name": "4-2-3-1 (11er)", "description": "Moderne 11er formation", "formation_structure": "4-2-3-1", "player_count": 11, "created_at": "2025-03-26T14:16:41.851Z"}}, {"model": "teammanager.formationtemplate", "pk": 20, "fields": {"name": "3-5-2 (11er)", "description": "11er formation med wingbacks", "formation_structure": "3-5-2", "player_count": 11, "created_at": "2025-03-26T14:16:41.865Z"}}, {"model": "teammanager.formationtemplate", "pk": 21, "fields": {"name": "5-3-2 (11er)", "description": "Defensiv 11er formation med sweeper", "formation_structure": "5-3-2", "player_count": 11, "created_at": "2025-03-26T14:16:41.881Z"}}, {"model": "teammanager.formationtemplate", "pk": 22, "fields": {"name": "3-4-3 (11er)", "description": "Offensiv 11er formation med tre angripere", "formation_structure": "3-4-3", "player_count": 11, "created_at": "2025-03-26T14:16:41.894Z"}}, {"model": "teammanager.lineup", "pk": 1, "fields": {"name": "test", "match": null, "team": 5, "formation": 5, "is_template": false, "notes": "", "direction": "LR", "created_by": ["superadmin"], "created_at": "2025-03-26T18:48:38.939Z", "updated_at": "2025-03-26T18:48:38.939Z"}}, {"model": "teammanager.lineup", "pk": 2, "fields": {"name": "Treningskamp Fana Uslmåg", "match": 21, "team": 5, "formation": 5, "is_template": false, "notes": "", "direction": "LR", "created_by": ["superadmin"], "created_at": "2025-03-26T22:11:52.236Z", "updated_at": "2025-03-26T22:11:52.236Z"}}, {"model": "teammanager.lineupplayerposition", "pk": 1, "fields": {"lineup": 1, "player": 47, "position": null, "x_coordinate": "8.00", "y_coordinate": "50.00", "jersey_number": null, "is_starter": true, "notes": ""}}, {"model": "teammanager.lineupplayerposition", "pk": 2, "fields": {"lineup": 1, "player": 48, "position": null, "x_coordinate": "25.00", "y_coordinate": "33.33", "jersey_number": null, "is_starter": true, "notes": ""}}, {"model": "teammanager.lineupplayerposition", "pk": 3, "fields": {"lineup": 1, "player": 49, "position": null, "x_coordinate": "25.00", "y_coordinate": "66.67", "jersey_number": null, "is_starter": true, "notes": ""}}, {"model": "teammanager.lineupplayerposition", "pk": 4, "fields": {"lineup": 1, "player": 50, "position": null, "x_coordinate": "45.00", "y_coordinate": "25.00", "jersey_number": null, "is_starter": true, "notes": ""}}, {"model": "teammanager.lineupplayerposition", "pk": 5, "fields": {"lineup": 1, "player": 51, "position": null, "x_coordinate": "45.00", "y_coordinate": "50.00", "jersey_number": null, "is_starter": true, "notes": ""}}, {"model": "teammanager.lineupplayerposition", "pk": 6, "fields": {"lineup": 1, "player": 52, "position": null, "x_coordinate": "45.00", "y_coordinate": "75.00", "jersey_number": null, "is_starter": true, "notes": ""}}, {"model": "teammanager.lineupplayerposition", "pk": 7, "fields": {"lineup": 1, "player": 53, "position": null, "x_coordinate": "65.00", "y_coordinate": "50.00", "jersey_number": null, "is_starter": true, "notes": ""}}, {"model": "teammanager.lineupplayerposition", "pk": 8, "fields": {"lineup": 1, "player": 54, "position": null, "x_coordinate": "5.42", "y_coordinate": "10.91", "jersey_number": null, "is_starter": false, "notes": ""}}, {"model": "teammanager.lineupplayerposition", "pk": 9, "fields": {"lineup": 2, "player": 47, "position": null, "x_coordinate": "15.65", "y_coordinate": "6.91", "jersey_number": 1, "is_starter": false, "notes": ""}}, {"model": "teammanager.lineupplayerposition", "pk": 10, "fields": {"lineup": 2, "player": 48, "position": null, "x_coordinate": "33.13", "y_coordinate": "19.91", "jersey_number": 2, "is_starter": true, "notes": ""}}, {"model": "teammanager.lineupplayerposition", "pk": 11, "fields": {"lineup": 2, "player": 50, "position": null, "x_coordinate": "25.00", "y_coordinate": "50.00", "jersey_number": 3, "is_starter": true, "notes": ""}}, {"model": "teammanager.lineupplayerposition", "pk": 12, "fields": {"lineup": 2, "player": 53, "position": null, "x_coordinate": "35.16", "y_coordinate": "78.33", "jersey_number": 4, "is_starter": true, "notes": ""}}, {"model": "teammanager.lineupplayerposition", "pk": 13, "fields": {"lineup": 2, "player": 55, "position": null, "x_coordinate": "53.46", "y_coordinate": "22.05", "jersey_number": 5, "is_starter": true, "notes": ""}}, {"model": "teammanager.lineupplayerposition", "pk": 14, "fields": {"lineup": 2, "player": 58, "position": null, "x_coordinate": "52.44", "y_coordinate": "71.20", "jersey_number": 6, "is_starter": true, "notes": ""}}, {"model": "teammanager.lineupplayerposition", "pk": 15, "fields": {"lineup": 2, "player": 59, "position": null, "x_coordinate": "8.94", "y_coordinate": "46.27", "jersey_number": 7, "is_starter": true, "notes": ""}}, {"model": "teammanager.lineupplayerposition", "pk": 16, "fields": {"lineup": 2, "player": 62, "position": null, "x_coordinate": "65.24", "y_coordinate": "51.61", "jersey_number": 8, "is_starter": true, "notes": ""}}, {"model": "teammanager.lineupplayerposition", "pk": 17, "fields": {"lineup": 2, "player": 69, "position": null, "x_coordinate": "4.07", "y_coordinate": "7.62", "jersey_number": 9, "is_starter": false, "notes": ""}}, {"model": "teammanager.matchsession", "pk": 14, "fields": {"match": 21, "name": "test", "created_by": ["superadmin"], "created_at": "2025-03-27T01:35:15.513Z", "updated_at": "2025-03-27T01:37:54.561Z", "periods": 2, "period_length": 1, "substitution_interval": 1, "is_active": false, "start_time": null, "current_period": 2, "elapsed_time": 134}}, {"model": "teammanager.playingtime", "pk": 112, "fields": {"match_session": 14, "player": 69, "minutes_played": 2, "last_substitution_time": null, "is_on_pitch": true}}, {"model": "teammanager.playingtime", "pk": 113, "fields": {"match_session": 14, "player": 47, "minutes_played": 2, "last_substitution_time": null, "is_on_pitch": true}}, {"model": "teammanager.playingtime", "pk": 114, "fields": {"match_session": 14, "player": 50, "minutes_played": 2, "last_substitution_time": null, "is_on_pitch": true}}, {"model": "teammanager.playingtime", "pk": 115, "fields": {"match_session": 14, "player": 62, "minutes_played": 2, "last_substitution_time": null, "is_on_pitch": true}}, {"model": "teammanager.playingtime", "pk": 116, "fields": {"match_session": 14, "player": 53, "minutes_played": 2, "last_substitution_time": null, "is_on_pitch": true}}, {"model": "teammanager.playingtime", "pk": 117, "fields": {"match_session": 14, "player": 55, "minutes_played": 2, "last_substitution_time": null, "is_on_pitch": true}}, {"model": "teammanager.playingtime", "pk": 118, "fields": {"match_session": 14, "player": 58, "minutes_played": 2, "last_substitution_time": null, "is_on_pitch": true}}, {"model": "teammanager.playingtime", "pk": 119, "fields": {"match_session": 14, "player": 48, "minutes_played": 0, "last_substitution_time": null, "is_on_pitch": false}}, {"model": "teammanager.playingtime", "pk": 120, "fields": {"match_session": 14, "player": 59, "minutes_played": 0, "last_substitution_time": null, "is_on_pitch": false}}]