[{"model": "auth.permission", "pk": 1, "fields": {"name": "Can add log entry", "content_type": 1, "codename": "add_logentry"}}, {"model": "auth.permission", "pk": 2, "fields": {"name": "Can change log entry", "content_type": 1, "codename": "change_logentry"}}, {"model": "auth.permission", "pk": 3, "fields": {"name": "Can delete log entry", "content_type": 1, "codename": "delete_logentry"}}, {"model": "auth.permission", "pk": 4, "fields": {"name": "Can view log entry", "content_type": 1, "codename": "view_logentry"}}, {"model": "auth.permission", "pk": 5, "fields": {"name": "Can add permission", "content_type": 2, "codename": "add_permission"}}, {"model": "auth.permission", "pk": 6, "fields": {"name": "Can change permission", "content_type": 2, "codename": "change_permission"}}, {"model": "auth.permission", "pk": 7, "fields": {"name": "Can delete permission", "content_type": 2, "codename": "delete_permission"}}, {"model": "auth.permission", "pk": 8, "fields": {"name": "Can view permission", "content_type": 2, "codename": "view_permission"}}, {"model": "auth.permission", "pk": 9, "fields": {"name": "Can add group", "content_type": 3, "codename": "add_group"}}, {"model": "auth.permission", "pk": 10, "fields": {"name": "Can change group", "content_type": 3, "codename": "change_group"}}, {"model": "auth.permission", "pk": 11, "fields": {"name": "Can delete group", "content_type": 3, "codename": "delete_group"}}, {"model": "auth.permission", "pk": 12, "fields": {"name": "Can view group", "content_type": 3, "codename": "view_group"}}, {"model": "auth.permission", "pk": 13, "fields": {"name": "Can add user", "content_type": 4, "codename": "add_user"}}, {"model": "auth.permission", "pk": 14, "fields": {"name": "Can change user", "content_type": 4, "codename": "change_user"}}, {"model": "auth.permission", "pk": 15, "fields": {"name": "Can delete user", "content_type": 4, "codename": "delete_user"}}, {"model": "auth.permission", "pk": 16, "fields": {"name": "Can view user", "content_type": 4, "codename": "view_user"}}, {"model": "auth.permission", "pk": 17, "fields": {"name": "Can add content type", "content_type": 5, "codename": "add_contenttype"}}, {"model": "auth.permission", "pk": 18, "fields": {"name": "Can change content type", "content_type": 5, "codename": "change_contenttype"}}, {"model": "auth.permission", "pk": 19, "fields": {"name": "Can delete content type", "content_type": 5, "codename": "delete_contenttype"}}, {"model": "auth.permission", "pk": 20, "fields": {"name": "Can view content type", "content_type": 5, "codename": "view_contenttype"}}, {"model": "auth.permission", "pk": 21, "fields": {"name": "Can add session", "content_type": 6, "codename": "add_session"}}, {"model": "auth.permission", "pk": 22, "fields": {"name": "Can change session", "content_type": 6, "codename": "change_session"}}, {"model": "auth.permission", "pk": 23, "fields": {"name": "Can delete session", "content_type": 6, "codename": "delete_session"}}, {"model": "auth.permission", "pk": 24, "fields": {"name": "Can view session", "content_type": 6, "codename": "view_session"}}, {"model": "auth.permission", "pk": 25, "fields": {"name": "Can add user profile", "content_type": 7, "codename": "add_userprofile"}}, {"model": "auth.permission", "pk": 26, "fields": {"name": "Can change user profile", "content_type": 7, "codename": "change_userprofile"}}, {"model": "auth.permission", "pk": 27, "fields": {"name": "Can delete user profile", "content_type": 7, "codename": "delete_userprofile"}}, {"model": "auth.permission", "pk": 28, "fields": {"name": "Can view user profile", "content_type": 7, "codename": "view_userprofile"}}, {"model": "auth.permission", "pk": 29, "fields": {"name": "Can add team", "content_type": 8, "codename": "add_team"}}, {"model": "auth.permission", "pk": 30, "fields": {"name": "Can change team", "content_type": 8, "codename": "change_team"}}, {"model": "auth.permission", "pk": 31, "fields": {"name": "Can delete team", "content_type": 8, "codename": "delete_team"}}, {"model": "auth.permission", "pk": 32, "fields": {"name": "Can view team", "content_type": 8, "codename": "view_team"}}, {"model": "auth.permission", "pk": 33, "fields": {"name": "Can add player", "content_type": 9, "codename": "add_player"}}, {"model": "auth.permission", "pk": 34, "fields": {"name": "Can change player", "content_type": 9, "codename": "change_player"}}, {"model": "auth.permission", "pk": 35, "fields": {"name": "Can delete player", "content_type": 9, "codename": "delete_player"}}, {"model": "auth.permission", "pk": 36, "fields": {"name": "Can view player", "content_type": 9, "codename": "view_player"}}, {"model": "auth.permission", "pk": 37, "fields": {"name": "Can add match", "content_type": 10, "codename": "add_match"}}, {"model": "auth.permission", "pk": 38, "fields": {"name": "Can change match", "content_type": 10, "codename": "change_match"}}, {"model": "auth.permission", "pk": 39, "fields": {"name": "Can delete match", "content_type": 10, "codename": "delete_match"}}, {"model": "auth.permission", "pk": 40, "fields": {"name": "Can view match", "content_type": 10, "codename": "view_match"}}, {"model": "auth.permission", "pk": 41, "fields": {"name": "Can add match appearance", "content_type": 11, "codename": "add_matchappearance"}}, {"model": "auth.permission", "pk": 42, "fields": {"name": "Can change match appearance", "content_type": 11, "codename": "change_matchappearance"}}, {"model": "auth.permission", "pk": 43, "fields": {"name": "Can delete match appearance", "content_type": 11, "codename": "delete_matchappearance"}}, {"model": "auth.permission", "pk": 44, "fields": {"name": "Can view match appearance", "content_type": 11, "codename": "view_matchappearance"}}, {"model": "auth.permission", "pk": 45, "fields": {"name": "Can add formation template", "content_type": 12, "codename": "add_formationtemplate"}}, {"model": "auth.permission", "pk": 46, "fields": {"name": "Can change formation template", "content_type": 12, "codename": "change_formationtemplate"}}, {"model": "auth.permission", "pk": 47, "fields": {"name": "Can delete formation template", "content_type": 12, "codename": "delete_formationtemplate"}}, {"model": "auth.permission", "pk": 48, "fields": {"name": "Can view formation template", "content_type": 12, "codename": "view_formationtemplate"}}, {"model": "auth.permission", "pk": 49, "fields": {"name": "Can add lineup position", "content_type": 13, "codename": "add_lineupposition"}}, {"model": "auth.permission", "pk": 50, "fields": {"name": "Can change lineup position", "content_type": 13, "codename": "change_lineupposition"}}, {"model": "auth.permission", "pk": 51, "fields": {"name": "Can delete lineup position", "content_type": 13, "codename": "delete_lineupposition"}}, {"model": "auth.permission", "pk": 52, "fields": {"name": "Can view lineup position", "content_type": 13, "codename": "view_lineupposition"}}, {"model": "auth.permission", "pk": 53, "fields": {"name": "Can add lineup", "content_type": 14, "codename": "add_lineup"}}, {"model": "auth.permission", "pk": 54, "fields": {"name": "Can change lineup", "content_type": 14, "codename": "change_lineup"}}, {"model": "auth.permission", "pk": 55, "fields": {"name": "Can delete lineup", "content_type": 14, "codename": "delete_lineup"}}, {"model": "auth.permission", "pk": 56, "fields": {"name": "Can view lineup", "content_type": 14, "codename": "view_lineup"}}, {"model": "auth.permission", "pk": 57, "fields": {"name": "Can add lineup player position", "content_type": 15, "codename": "add_lineupplayerposition"}}, {"model": "auth.permission", "pk": 58, "fields": {"name": "Can change lineup player position", "content_type": 15, "codename": "change_lineupplayerposition"}}, {"model": "auth.permission", "pk": 59, "fields": {"name": "Can delete lineup player position", "content_type": 15, "codename": "delete_lineupplayerposition"}}, {"model": "auth.permission", "pk": 60, "fields": {"name": "Can view lineup player position", "content_type": 15, "codename": "view_lineupplayerposition"}}, {"model": "auth.permission", "pk": 61, "fields": {"name": "Can add match session", "content_type": 16, "codename": "add_matchsession"}}, {"model": "auth.permission", "pk": 62, "fields": {"name": "Can change match session", "content_type": 16, "codename": "change_matchsession"}}, {"model": "auth.permission", "pk": 63, "fields": {"name": "Can delete match session", "content_type": 16, "codename": "delete_matchsession"}}, {"model": "auth.permission", "pk": 64, "fields": {"name": "Can view match session", "content_type": 16, "codename": "view_matchsession"}}, {"model": "auth.permission", "pk": 65, "fields": {"name": "Can add player substitution", "content_type": 17, "codename": "add_playersubstitution"}}, {"model": "auth.permission", "pk": 66, "fields": {"name": "Can change player substitution", "content_type": 17, "codename": "change_playersubstitution"}}, {"model": "auth.permission", "pk": 67, "fields": {"name": "Can delete player substitution", "content_type": 17, "codename": "delete_playersubstitution"}}, {"model": "auth.permission", "pk": 68, "fields": {"name": "Can view player substitution", "content_type": 17, "codename": "view_playersubstitution"}}, {"model": "auth.permission", "pk": 69, "fields": {"name": "Can add playing time", "content_type": 18, "codename": "add_playingtime"}}, {"model": "auth.permission", "pk": 70, "fields": {"name": "Can change playing time", "content_type": 18, "codename": "change_playingtime"}}, {"model": "auth.permission", "pk": 71, "fields": {"name": "Can delete playing time", "content_type": 18, "codename": "delete_playingtime"}}, {"model": "auth.permission", "pk": 72, "fields": {"name": "Can view playing time", "content_type": 18, "codename": "view_playingtime"}}, {"model": "auth.permission", "pk": 73, "fields": {"name": "Can add highlight reel", "content_type": 19, "codename": "add_highlightreel"}}, {"model": "auth.permission", "pk": 74, "fields": {"name": "Can change highlight reel", "content_type": 19, "codename": "change_highlightreel"}}, {"model": "auth.permission", "pk": 75, "fields": {"name": "Can delete highlight reel", "content_type": 19, "codename": "delete_highlightreel"}}, {"model": "auth.permission", "pk": 76, "fields": {"name": "Can view highlight reel", "content_type": 19, "codename": "view_highlightreel"}}, {"model": "auth.permission", "pk": 77, "fields": {"name": "Can add video clip", "content_type": 20, "codename": "add_videoclip"}}, {"model": "auth.permission", "pk": 78, "fields": {"name": "Can change video clip", "content_type": 20, "codename": "change_videoclip"}}, {"model": "auth.permission", "pk": 79, "fields": {"name": "Can delete video clip", "content_type": 20, "codename": "delete_videoclip"}}, {"model": "auth.permission", "pk": 80, "fields": {"name": "Can view video clip", "content_type": 20, "codename": "view_videoclip"}}, {"model": "auth.permission", "pk": 81, "fields": {"name": "Can add highlight clip association", "content_type": 21, "codename": "add_highlightclipassociation"}}, {"model": "auth.permission", "pk": 82, "fields": {"name": "Can change highlight clip association", "content_type": 21, "codename": "change_highlightclipassociation"}}, {"model": "auth.permission", "pk": 83, "fields": {"name": "Can delete highlight clip association", "content_type": 21, "codename": "delete_highlightclipassociation"}}, {"model": "auth.permission", "pk": 84, "fields": {"name": "Can view highlight clip association", "content_type": 21, "codename": "view_highlightclipassociation"}}, {"model": "auth.user", "pk": 1, "fields": {"password": "pbkdf2_sha256$870000$RJslfYj3B8Bapdfrdzwz7u$w5cEdQTBcSrWM5UwI7HJ4p3Tu1ZJXyBDZR229EM/8wQ=", "last_login": "2025-03-28T01:59:16.279Z", "is_superuser": true, "username": "djadmin", "first_name": "", "last_name": "", "email": "admin@smorasfotball.no", "is_staff": true, "is_active": true, "date_joined": "2025-03-27T21:59:32.720Z", "groups": [], "user_permissions": []}}, {"model": "contenttypes.contenttype", "pk": 1, "fields": {"app_label": "admin", "model": "logentry"}}, {"model": "contenttypes.contenttype", "pk": 2, "fields": {"app_label": "auth", "model": "permission"}}, {"model": "contenttypes.contenttype", "pk": 3, "fields": {"app_label": "auth", "model": "group"}}, {"model": "contenttypes.contenttype", "pk": 4, "fields": {"app_label": "auth", "model": "user"}}, {"model": "contenttypes.contenttype", "pk": 5, "fields": {"app_label": "contenttypes", "model": "contenttype"}}, {"model": "contenttypes.contenttype", "pk": 6, "fields": {"app_label": "sessions", "model": "session"}}, {"model": "contenttypes.contenttype", "pk": 7, "fields": {"app_label": "teammanager", "model": "userprofile"}}, {"model": "contenttypes.contenttype", "pk": 8, "fields": {"app_label": "teammanager", "model": "team"}}, {"model": "contenttypes.contenttype", "pk": 9, "fields": {"app_label": "teammanager", "model": "player"}}, {"model": "contenttypes.contenttype", "pk": 10, "fields": {"app_label": "teammanager", "model": "match"}}, {"model": "contenttypes.contenttype", "pk": 11, "fields": {"app_label": "teammanager", "model": "matchappearance"}}, {"model": "contenttypes.contenttype", "pk": 12, "fields": {"app_label": "teammanager", "model": "formationtemplate"}}, {"model": "contenttypes.contenttype", "pk": 13, "fields": {"app_label": "teammanager", "model": "lineupposition"}}, {"model": "contenttypes.contenttype", "pk": 14, "fields": {"app_label": "teammanager", "model": "lineup"}}, {"model": "contenttypes.contenttype", "pk": 15, "fields": {"app_label": "teammanager", "model": "lineupplayerposition"}}, {"model": "contenttypes.contenttype", "pk": 16, "fields": {"app_label": "teammanager", "model": "matchsession"}}, {"model": "contenttypes.contenttype", "pk": 17, "fields": {"app_label": "teammanager", "model": "playersubstitution"}}, {"model": "contenttypes.contenttype", "pk": 18, "fields": {"app_label": "teammanager", "model": "playingtime"}}, {"model": "contenttypes.contenttype", "pk": 19, "fields": {"app_label": "teammanager", "model": "highlightreel"}}, {"model": "contenttypes.contenttype", "pk": 20, "fields": {"app_label": "teammanager", "model": "videoclip"}}, {"model": "contenttypes.contenttype", "pk": 21, "fields": {"app_label": "teammanager", "model": "highlightclipassociation"}}, {"model": "sessions.session", "pk": "ifziuea7xtj1g9z0aa9nxya0l1396ird", "fields": {"session_data": ".eJxVjDsOwjAQBe_iGlkxTvyhpM8Zot23Fg4gW4qTCnF3iJQC2jcz76Um2tY8bS0t0yzqoow6_W5MeKSyA7lTuVWNWtZlZr0r-qBNj1XS83q4fweZWv7WZOjc99Y4Np5dADOCCAbrCBEpIXRifUCKESyxg3ORAuCFBw4C9f4ABZU5Wg:1txz08:oCbT6a_GCWzuOrmx4BOeoBbKEfdlmDtIULod2yXdC3Y", "expire_date": "2025-04-11T01:59:16.310Z"}}, {"model": "sessions.session", "pk": "vwh2itwu4051r69jmeh6aw3v6flpb06b", "fields": {"session_data": ".eJxVjDsOwjAQBe_iGlkxTvyhpM8Zot23Fg4gW4qTCnF3iJQC2jcz76Um2tY8bS0t0yzqoow6_W5MeKSyA7lTuVWNWtZlZr0r-qBNj1XS83q4fweZWv7WZOjc99Y4Np5dADOCCAbrCBEpIXRifUCKESyxg3ORAuCFBw4C9f4ABZU5Wg:1txywh:QYfSZOXkN8dXvPPYCkfoWBPB8qX1yJ1QvTJA0zfrqJU", "expire_date": "2025-04-11T01:55:43.610Z"}}, {"model": "sessions.session", "pk": "zrmsb6vrh9xxlsgq0tfbmfyk67897age", "fields": {"session_data": ".eJxVjDsOwjAQBe_iGlkxTvyhpM8Zot23Fg4gW4qTCnF3iJQC2jcz76Um2tY8bS0t0yzqoow6_W5MeKSyA7lTuVWNWtZlZr0r-qBNj1XS83q4fweZWv7WZOjc99Y4Np5dADOCCAbrCBEpIXRifUCKESyxg3ORAuCFBw4C9f4ABZU5Wg:1txvdJ:QFzb64PVYKqVeL-NcKDWL93hbXTd1-a3fGvyb8ibzcA", "expire_date": "2025-04-10T22:23:29.374Z"}}, {"model": "teammanager.userprofile", "pk": 1, "fields": {"user": 1, "role": "admin", "status": "approved", "player": null, "created_at": "2025-03-27T21:59:32.725Z"}}, {"model": "teammanager.team", "pk": 1, "fields": {"name": "Smørås Ferrari", "description": "", "created_at": "2025-03-27T22:52:17.346Z"}}, {"model": "teammanager.team", "pk": 2, "fields": {"name": "Smørås Maserati", "description": "", "created_at": "2025-03-28T01:54:08.239Z"}}, {"model": "teammanager.player", "pk": 1, "fields": {"first_name": "Aksel ", "last_name": "Tørvik -Pedersen", "position": null, "date_of_birth": "2015-12-07", "email": null, "phone": null, "active": true, "created_at": "2025-03-27T22:52:35.857Z"}}, {"model": "teammanager.player", "pk": 2, "fields": {"first_name": "Anton ", "last_name": "Ringwald von Mehren", "position": null, "date_of_birth": "2015-11-10", "email": null, "phone": null, "active": true, "created_at": "2025-03-27T22:52:35.921Z"}}, {"model": "teammanager.player", "pk": 3, "fields": {"first_name": "Aron", "last_name": "Sølberg", "position": null, "date_of_birth": "2015-06-21", "email": null, "phone": null, "active": true, "created_at": "2025-03-27T22:52:35.944Z"}}, {"model": "teammanager.player", "pk": 4, "fields": {"first_name": "Bastian ", "last_name": "Hetland", "position": null, "date_of_birth": "2015-05-06", "email": null, "phone": null, "active": true, "created_at": "2025-03-27T22:52:36.133Z"}}, {"model": "teammanager.player", "pk": 5, "fields": {"first_name": "Brage", "last_name": " Kalsvik Wiig", "position": null, "date_of_birth": "2015-06-20", "email": null, "phone": null, "active": true, "created_at": "2025-03-27T22:52:36.153Z"}}, {"model": "teammanager.player", "pk": 6, "fields": {"first_name": "Eirik", "last_name": " Helgesen", "position": null, "date_of_birth": "2015-11-01", "email": null, "phone": null, "active": true, "created_at": "2025-03-27T22:52:36.166Z"}}, {"model": "teammanager.player", "pk": 7, "fields": {"first_name": "Eldar ", "last_name": "Broms", "position": null, "date_of_birth": "2015-11-19", "email": null, "phone": null, "active": true, "created_at": "2025-03-27T22:52:36.180Z"}}, {"model": "teammanager.player", "pk": 8, "fields": {"first_name": "Filip August ", "last_name": "Havre", "position": null, "date_of_birth": "2015-08-15", "email": null, "phone": null, "active": true, "created_at": "2025-03-27T22:52:36.196Z"}}, {"model": "teammanager.player", "pk": 9, "fields": {"first_name": "Ishak ", "last_name": "Bozkurt", "position": null, "date_of_birth": "2015-04-05", "email": null, "phone": "+47 451 94 918", "active": true, "created_at": "2025-03-27T22:52:36.210Z"}}, {"model": "teammanager.player", "pk": 10, "fields": {"first_name": "Jonas ", "last_name": "Sværen Langnes", "position": null, "date_of_birth": "2015-05-28", "email": null, "phone": null, "active": true, "created_at": "2025-03-27T22:52:36.222Z"}}, {"model": "teammanager.player", "pk": 11, "fields": {"first_name": "Julijan ", "last_name": "Laastad", "position": null, "date_of_birth": "2015-07-04", "email": null, "phone": null, "active": true, "created_at": "2025-03-27T22:52:36.241Z"}}, {"model": "teammanager.player", "pk": 12, "fields": {"first_name": "Lars ", "last_name": "Underdal Vik", "position": null, "date_of_birth": "2015-03-27", "email": null, "phone": null, "active": true, "created_at": "2025-03-27T22:52:36.256Z"}}, {"model": "teammanager.player", "pk": 13, "fields": {"first_name": "Lukas ", "last_name": "Stordal", "position": null, "date_of_birth": "2015-09-16", "email": null, "phone": null, "active": true, "created_at": "2025-03-27T22:52:36.268Z"}}, {"model": "teammanager.player", "pk": 14, "fields": {"first_name": "Magnus", "last_name": " Lunde Dietz", "position": null, "date_of_birth": "2015-08-29", "email": null, "phone": null, "active": true, "created_at": "2025-03-27T22:52:36.281Z"}}, {"model": "teammanager.player", "pk": 15, "fields": {"first_name": "Marcus ", "last_name": "H Leknes", "position": null, "date_of_birth": "2015-10-25", "email": null, "phone": null, "active": true, "created_at": "2025-03-27T22:52:36.293Z"}}, {"model": "teammanager.player", "pk": 16, "fields": {"first_name": "Markus ", "last_name": "Birkeland", "position": null, "date_of_birth": "2015-04-28", "email": null, "phone": null, "active": true, "created_at": "2025-03-27T22:52:36.306Z"}}, {"model": "teammanager.player", "pk": 17, "fields": {"first_name": "Martin ", "last_name": "Remøy Øvsthus", "position": null, "date_of_birth": "2015-12-08", "email": null, "phone": null, "active": true, "created_at": "2025-03-27T22:52:36.317Z"}}, {"model": "teammanager.player", "pk": 18, "fields": {"first_name": "Matheo ", "last_name": "Brekke Nøttveit", "position": null, "date_of_birth": "2015-06-05", "email": null, "phone": null, "active": true, "created_at": "2025-03-27T22:52:36.328Z"}}, {"model": "teammanager.player", "pk": 19, "fields": {"first_name": "Nikolai", "last_name": " Vikebø Gjerde", "position": null, "date_of_birth": "2015-03-10", "email": null, "phone": null, "active": true, "created_at": "2025-03-27T22:52:36.343Z"}}, {"model": "teammanager.player", "pk": 20, "fields": {"first_name": "Noah ", "last_name": "Selvik Nødtvedt", "position": null, "date_of_birth": "2015-01-21", "email": null, "phone": null, "active": true, "created_at": "2025-03-27T22:52:36.357Z"}}, {"model": "teammanager.player", "pk": 21, "fields": {"first_name": "Oscar ", "last_name": "Spence", "position": null, "date_of_birth": "2015-01-26", "email": null, "phone": null, "active": true, "created_at": "2025-03-27T22:52:36.371Z"}}, {"model": "teammanager.player", "pk": 22, "fields": {"first_name": "Sverre ", "last_name": "Oshaug Ingvaldsen", "position": null, "date_of_birth": "2015-08-27", "email": null, "phone": null, "active": true, "created_at": "2025-03-27T22:52:36.386Z"}}, {"model": "teammanager.player", "pk": 23, "fields": {"first_name": "Ulrik", "last_name": " Gurvin Rekeland", "position": null, "date_of_birth": "2015-02-28", "email": null, "phone": null, "active": true, "created_at": "2025-03-27T22:52:36.397Z"}}, {"model": "teammanager.match", "pk": 1, "fields": {"smoras_team": 1, "opponent_name": "test", "location_type": "Home", "smoras_score": 0, "opponent_score": 0, "date": "2025-03-27T23:52:00Z", "location": "test", "match_type": "Friendly", "notes": "", "created_at": "2025-03-27T22:53:05.991Z"}}, {"model": "teammanager.match", "pk": 2, "fields": {"smoras_team": 1, "opponent_name": "Unknown Opponent", "location_type": "Home", "smoras_score": null, "opponent_score": null, "date": "2025-03-28T02:54:00Z", "location": null, "match_type": "Friendly", "notes": "", "created_at": "2025-03-28T01:54:27.311Z"}}, {"model": "teammanager.matchappearance", "pk": 1, "fields": {"player": 1, "match": 1, "team": 1, "minutes_played": null, "goals": 0, "assists": 0, "yellow_cards": 0, "red_card": false}}, {"model": "teammanager.matchappearance", "pk": 2, "fields": {"player": 2, "match": 1, "team": 1, "minutes_played": null, "goals": 0, "assists": 0, "yellow_cards": 0, "red_card": false}}, {"model": "teammanager.matchappearance", "pk": 3, "fields": {"player": 3, "match": 1, "team": 1, "minutes_played": null, "goals": 0, "assists": 0, "yellow_cards": 0, "red_card": false}}, {"model": "teammanager.matchappearance", "pk": 4, "fields": {"player": 4, "match": 1, "team": 1, "minutes_played": null, "goals": 0, "assists": 0, "yellow_cards": 0, "red_card": false}}, {"model": "teammanager.matchappearance", "pk": 5, "fields": {"player": 5, "match": 1, "team": 1, "minutes_played": null, "goals": 0, "assists": 0, "yellow_cards": 0, "red_card": false}}, {"model": "teammanager.matchappearance", "pk": 6, "fields": {"player": 6, "match": 1, "team": 1, "minutes_played": null, "goals": 0, "assists": 0, "yellow_cards": 0, "red_card": false}}, {"model": "teammanager.matchappearance", "pk": 7, "fields": {"player": 7, "match": 1, "team": 1, "minutes_played": null, "goals": 0, "assists": 0, "yellow_cards": 0, "red_card": false}}, {"model": "teammanager.matchappearance", "pk": 8, "fields": {"player": 8, "match": 1, "team": 1, "minutes_played": null, "goals": 0, "assists": 0, "yellow_cards": 0, "red_card": false}}, {"model": "teammanager.matchappearance", "pk": 9, "fields": {"player": 9, "match": 1, "team": 1, "minutes_played": null, "goals": 0, "assists": 0, "yellow_cards": 0, "red_card": false}}, {"model": "teammanager.matchappearance", "pk": 10, "fields": {"player": 10, "match": 1, "team": 1, "minutes_played": null, "goals": 0, "assists": 0, "yellow_cards": 0, "red_card": false}}, {"model": "teammanager.formationtemplate", "pk": 1, "fields": {"name": "test", "description": "", "formation_structure": "2-3-1", "player_count": 7, "created_at": "2025-03-27T22:55:37.974Z"}}, {"model": "teammanager.formationtemplate", "pk": 2, "fields": {"name": "2-2 (5er)", "description": "Standard 5er formation med 2 forsvarere og 2 angripere", "formation_structure": "2-2", "player_count": 5, "created_at": "2025-03-28T09:03:22.242Z"}}, {"model": "teammanager.formationtemplate", "pk": 3, "fields": {"name": "1-2-1 (5er)", "description": "5er formation med midtbanespillere", "formation_structure": "1-2-1", "player_count": 5, "created_at": "2025-03-28T09:03:22.286Z"}}, {"model": "teammanager.formationtemplate", "pk": 4, "fields": {"name": "1-1-2 (5er)", "description": "5er formation med fokus på angrep", "formation_structure": "1-1-2", "player_count": 5, "created_at": "2025-03-28T09:03:22.300Z"}}, {"model": "teammanager.formationtemplate", "pk": 5, "fields": {"name": "2-1-1 (5er)", "description": "5er formation med fokus på forsvar", "formation_structure": "2-1-1", "player_count": 5, "created_at": "2025-03-28T09:03:22.318Z"}}, {"model": "teammanager.formationtemplate", "pk": 6, "fields": {"name": "2-3-1 (7er)", "description": "Standard 7er formation med midtbanefokus", "formation_structure": "2-3-1", "player_count": 7, "created_at": "2025-03-28T09:03:22.332Z"}}, {"model": "teammanager.formationtemplate", "pk": 7, "fields": {"name": "3-2-1 (7er)", "description": "7er formation med sterkt forsvar", "formation_structure": "3-2-1", "player_count": 7, "created_at": "2025-03-28T09:03:22.347Z"}}, {"model": "teammanager.formationtemplate", "pk": 8, "fields": {"name": "3-1-2 (7er)", "description": "7er formation med to angripere", "formation_structure": "3-1-2", "player_count": 7, "created_at": "2025-03-28T09:03:22.364Z"}}, {"model": "teammanager.formationtemplate", "pk": 9, "fields": {"name": "2-1-3 (7er)", "description": "7er formation med sterkt angrep", "formation_structure": "2-1-3", "player_count": 7, "created_at": "2025-03-28T09:03:22.379Z"}}, {"model": "teammanager.formationtemplate", "pk": 10, "fields": {"name": "2-2-2 (7er)", "description": "Balansert 7er formation", "formation_structure": "2-2-2", "player_count": 7, "created_at": "2025-03-28T09:03:22.396Z"}}, {"model": "teammanager.formationtemplate", "pk": 11, "fields": {"name": "3-3 (7er)", "description": "Klassisk 7er formation uten spiss", "formation_structure": "3-3", "player_count": 7, "created_at": "2025-03-28T09:03:22.415Z"}}, {"model": "teammanager.formationtemplate", "pk": 12, "fields": {"name": "2-4 (7er)", "description": "Offensiv 7er formation", "formation_structure": "2-4", "player_count": 7, "created_at": "2025-03-28T09:03:22.432Z"}}, {"model": "teammanager.formationtemplate", "pk": 13, "fields": {"name": "4-2 (7er)", "description": "Defensiv 7er formation", "formation_structure": "4-2", "player_count": 7, "created_at": "2025-03-28T09:03:22.450Z"}}, {"model": "teammanager.formationtemplate", "pk": 14, "fields": {"name": "3-2-3 (9er)", "description": "Balansert 9er formation", "formation_structure": "3-2-3", "player_count": 9, "created_at": "2025-03-28T09:03:22.467Z"}}, {"model": "teammanager.formationtemplate", "pk": 15, "fields": {"name": "3-3-2 (9er)", "description": "Standard 9er formation med midtbanefokus", "formation_structure": "3-3-2", "player_count": 9, "created_at": "2025-03-28T09:03:22.485Z"}}, {"model": "teammanager.formationtemplate", "pk": 16, "fields": {"name": "3-4-1 (9er)", "description": "9er formation med sterk midtbane", "formation_structure": "3-4-1", "player_count": 9, "created_at": "2025-03-28T09:03:22.501Z"}}, {"model": "teammanager.formationtemplate", "pk": 17, "fields": {"name": "4-3-1 (9er)", "description": "Defensiv 9er formation", "formation_structure": "4-3-1", "player_count": 9, "created_at": "2025-03-28T09:03:22.520Z"}}, {"model": "teammanager.formationtemplate", "pk": 18, "fields": {"name": "4-4-2 (11er)", "description": "Klassisk 11er formation", "formation_structure": "4-4-2", "player_count": 11, "created_at": "2025-03-28T09:03:22.534Z"}}, {"model": "teammanager.formationtemplate", "pk": 19, "fields": {"name": "4-3-3 (11er)", "description": "Offensiv 11er formation", "formation_structure": "4-3-3", "player_count": 11, "created_at": "2025-03-28T09:03:22.554Z"}}, {"model": "teammanager.formationtemplate", "pk": 20, "fields": {"name": "4-2-3-1 (11er)", "description": "Moderne 11er formation", "formation_structure": "4-2-3-1", "player_count": 11, "created_at": "2025-03-28T09:03:22.569Z"}}, {"model": "teammanager.formationtemplate", "pk": 21, "fields": {"name": "3-5-2 (11er)", "description": "11er formation med wingbacks", "formation_structure": "3-5-2", "player_count": 11, "created_at": "2025-03-28T09:03:22.588Z"}}, {"model": "teammanager.formationtemplate", "pk": 22, "fields": {"name": "5-3-2 (11er)", "description": "Defensiv 11er formation med sweeper", "formation_structure": "5-3-2", "player_count": 11, "created_at": "2025-03-28T09:03:22.605Z"}}, {"model": "teammanager.formationtemplate", "pk": 23, "fields": {"name": "3-4-3 (11er)", "description": "Offensiv 11er formation med tre angripere", "formation_structure": "3-4-3", "player_count": 11, "created_at": "2025-03-28T09:03:22.621Z"}}, {"model": "teammanager.lineup", "pk": 1, "fields": {"name": "test", "match": 1, "team": 1, "formation": 1, "is_template": false, "notes": "", "direction": "LR", "created_by": 1, "created_at": "2025-03-27T22:56:05.113Z", "updated_at": "2025-03-27T22:56:05.113Z"}}, {"model": "teammanager.lineupplayerposition", "pk": 1, "fields": {"lineup": 1, "player": 1, "position": null, "x_coordinate": "8.00", "y_coordinate": "50.00", "jersey_number": 1, "is_starter": true, "notes": ""}}, {"model": "teammanager.lineupplayerposition", "pk": 2, "fields": {"lineup": 1, "player": 2, "position": null, "x_coordinate": "25.00", "y_coordinate": "33.33", "jersey_number": 2, "is_starter": true, "notes": ""}}, {"model": "teammanager.lineupplayerposition", "pk": 3, "fields": {"lineup": 1, "player": 3, "position": null, "x_coordinate": "25.00", "y_coordinate": "66.67", "jersey_number": 3, "is_starter": true, "notes": ""}}, {"model": "teammanager.lineupplayerposition", "pk": 4, "fields": {"lineup": 1, "player": 4, "position": null, "x_coordinate": "45.00", "y_coordinate": "25.00", "jersey_number": 4, "is_starter": true, "notes": ""}}, {"model": "teammanager.lineupplayerposition", "pk": 5, "fields": {"lineup": 1, "player": 5, "position": null, "x_coordinate": "45.00", "y_coordinate": "50.00", "jersey_number": 5, "is_starter": true, "notes": ""}}, {"model": "teammanager.lineupplayerposition", "pk": 6, "fields": {"lineup": 1, "player": 6, "position": null, "x_coordinate": "45.00", "y_coordinate": "75.00", "jersey_number": 6, "is_starter": true, "notes": ""}}, {"model": "teammanager.lineupplayerposition", "pk": 7, "fields": {"lineup": 1, "player": 7, "position": null, "x_coordinate": "65.00", "y_coordinate": "50.00", "jersey_number": 7, "is_starter": true, "notes": ""}}, {"model": "teammanager.lineupplayerposition", "pk": 8, "fields": {"lineup": 1, "player": 8, "position": null, "x_coordinate": "1.00", "y_coordinate": "5.00", "jersey_number": 8, "is_starter": false, "notes": ""}}, {"model": "teammanager.lineupplayerposition", "pk": 9, "fields": {"lineup": 1, "player": 9, "position": null, "x_coordinate": "1.00", "y_coordinate": "15.00", "jersey_number": 9, "is_starter": false, "notes": ""}}, {"model": "teammanager.lineupplayerposition", "pk": 10, "fields": {"lineup": 1, "player": 10, "position": null, "x_coordinate": "1.00", "y_coordinate": "25.00", "jersey_number": 10, "is_starter": false, "notes": ""}}, {"model": "teammanager.matchsession", "pk": 1, "fields": {"match": 1, "name": "test", "created_by": 1, "created_at": "2025-03-27T22:54:09.169Z", "updated_at": "2025-03-27T22:54:09.169Z", "periods": 2, "period_length": 25, "substitution_interval": 5, "is_active": false, "start_time": null, "current_period": 1, "elapsed_time": 0}}, {"model": "teammanager.playingtime", "pk": 1, "fields": {"match_session": 1, "player": 3, "minutes_played": 0, "last_substitution_time": null, "is_on_pitch": true}}, {"model": "teammanager.playingtime", "pk": 2, "fields": {"match_session": 1, "player": 1, "minutes_played": 0, "last_substitution_time": null, "is_on_pitch": true}}, {"model": "teammanager.playingtime", "pk": 3, "fields": {"match_session": 1, "player": 5, "minutes_played": 0, "last_substitution_time": null, "is_on_pitch": true}}, {"model": "teammanager.playingtime", "pk": 4, "fields": {"match_session": 1, "player": 2, "minutes_played": 0, "last_substitution_time": null, "is_on_pitch": true}}, {"model": "teammanager.playingtime", "pk": 5, "fields": {"match_session": 1, "player": 6, "minutes_played": 0, "last_substitution_time": null, "is_on_pitch": true}}, {"model": "teammanager.playingtime", "pk": 6, "fields": {"match_session": 1, "player": 7, "minutes_played": 0, "last_substitution_time": null, "is_on_pitch": true}}, {"model": "teammanager.playingtime", "pk": 7, "fields": {"match_session": 1, "player": 4, "minutes_played": 0, "last_substitution_time": null, "is_on_pitch": true}}, {"model": "teammanager.playingtime", "pk": 8, "fields": {"match_session": 1, "player": 10, "minutes_played": 0, "last_substitution_time": null, "is_on_pitch": false}}, {"model": "teammanager.playingtime", "pk": 9, "fields": {"match_session": 1, "player": 8, "minutes_played": 0, "last_substitution_time": null, "is_on_pitch": false}}, {"model": "teammanager.playingtime", "pk": 10, "fields": {"match_session": 1, "player": 9, "minutes_played": 0, "last_substitution_time": null, "is_on_pitch": false}}]