[{"model": "auth.permission", "pk": 1, "fields": {"name": "Can add log entry", "content_type": 1, "codename": "add_logentry"}}, {"model": "auth.permission", "pk": 2, "fields": {"name": "Can change log entry", "content_type": 1, "codename": "change_logentry"}}, {"model": "auth.permission", "pk": 3, "fields": {"name": "Can delete log entry", "content_type": 1, "codename": "delete_logentry"}}, {"model": "auth.permission", "pk": 4, "fields": {"name": "Can view log entry", "content_type": 1, "codename": "view_logentry"}}, {"model": "auth.permission", "pk": 5, "fields": {"name": "Can add permission", "content_type": 2, "codename": "add_permission"}}, {"model": "auth.permission", "pk": 6, "fields": {"name": "Can change permission", "content_type": 2, "codename": "change_permission"}}, {"model": "auth.permission", "pk": 7, "fields": {"name": "Can delete permission", "content_type": 2, "codename": "delete_permission"}}, {"model": "auth.permission", "pk": 8, "fields": {"name": "Can view permission", "content_type": 2, "codename": "view_permission"}}, {"model": "auth.permission", "pk": 9, "fields": {"name": "Can add group", "content_type": 3, "codename": "add_group"}}, {"model": "auth.permission", "pk": 10, "fields": {"name": "Can change group", "content_type": 3, "codename": "change_group"}}, {"model": "auth.permission", "pk": 11, "fields": {"name": "Can delete group", "content_type": 3, "codename": "delete_group"}}, {"model": "auth.permission", "pk": 12, "fields": {"name": "Can view group", "content_type": 3, "codename": "view_group"}}, {"model": "auth.permission", "pk": 13, "fields": {"name": "Can add user", "content_type": 4, "codename": "add_user"}}, {"model": "auth.permission", "pk": 14, "fields": {"name": "Can change user", "content_type": 4, "codename": "change_user"}}, {"model": "auth.permission", "pk": 15, "fields": {"name": "Can delete user", "content_type": 4, "codename": "delete_user"}}, {"model": "auth.permission", "pk": 16, "fields": {"name": "Can view user", "content_type": 4, "codename": "view_user"}}, {"model": "auth.permission", "pk": 17, "fields": {"name": "Can add content type", "content_type": 5, "codename": "add_contenttype"}}, {"model": "auth.permission", "pk": 18, "fields": {"name": "Can change content type", "content_type": 5, "codename": "change_contenttype"}}, {"model": "auth.permission", "pk": 19, "fields": {"name": "Can delete content type", "content_type": 5, "codename": "delete_contenttype"}}, {"model": "auth.permission", "pk": 20, "fields": {"name": "Can view content type", "content_type": 5, "codename": "view_contenttype"}}, {"model": "auth.permission", "pk": 21, "fields": {"name": "Can add session", "content_type": 6, "codename": "add_session"}}, {"model": "auth.permission", "pk": 22, "fields": {"name": "Can change session", "content_type": 6, "codename": "change_session"}}, {"model": "auth.permission", "pk": 23, "fields": {"name": "Can delete session", "content_type": 6, "codename": "delete_session"}}, {"model": "auth.permission", "pk": 24, "fields": {"name": "Can view session", "content_type": 6, "codename": "view_session"}}, {"model": "auth.permission", "pk": 25, "fields": {"name": "Can add match", "content_type": 7, "codename": "add_match"}}, {"model": "auth.permission", "pk": 26, "fields": {"name": "Can change match", "content_type": 7, "codename": "change_match"}}, {"model": "auth.permission", "pk": 27, "fields": {"name": "Can delete match", "content_type": 7, "codename": "delete_match"}}, {"model": "auth.permission", "pk": 28, "fields": {"name": "Can view match", "content_type": 7, "codename": "view_match"}}, {"model": "auth.permission", "pk": 29, "fields": {"name": "Can add player", "content_type": 8, "codename": "add_player"}}, {"model": "auth.permission", "pk": 30, "fields": {"name": "Can change player", "content_type": 8, "codename": "change_player"}}, {"model": "auth.permission", "pk": 31, "fields": {"name": "Can delete player", "content_type": 8, "codename": "delete_player"}}, {"model": "auth.permission", "pk": 32, "fields": {"name": "Can view player", "content_type": 8, "codename": "view_player"}}, {"model": "auth.permission", "pk": 33, "fields": {"name": "Can add team", "content_type": 9, "codename": "add_team"}}, {"model": "auth.permission", "pk": 34, "fields": {"name": "Can change team", "content_type": 9, "codename": "change_team"}}, {"model": "auth.permission", "pk": 35, "fields": {"name": "Can delete team", "content_type": 9, "codename": "delete_team"}}, {"model": "auth.permission", "pk": 36, "fields": {"name": "Can view team", "content_type": 9, "codename": "view_team"}}, {"model": "auth.permission", "pk": 37, "fields": {"name": "Can add match appearance", "content_type": 10, "codename": "add_matchappearance"}}, {"model": "auth.permission", "pk": 38, "fields": {"name": "Can change match appearance", "content_type": 10, "codename": "change_matchappearance"}}, {"model": "auth.permission", "pk": 39, "fields": {"name": "Can delete match appearance", "content_type": 10, "codename": "delete_matchappearance"}}, {"model": "auth.permission", "pk": 40, "fields": {"name": "Can view match appearance", "content_type": 10, "codename": "view_matchappearance"}}, {"model": "auth.permission", "pk": 41, "fields": {"name": "Can add user profile", "content_type": 11, "codename": "add_userprofile"}}, {"model": "auth.permission", "pk": 42, "fields": {"name": "Can change user profile", "content_type": 11, "codename": "change_userprofile"}}, {"model": "auth.permission", "pk": 43, "fields": {"name": "Can delete user profile", "content_type": 11, "codename": "delete_userprofile"}}, {"model": "auth.permission", "pk": 44, "fields": {"name": "Can view user profile", "content_type": 11, "codename": "view_userprofile"}}, {"model": "auth.permission", "pk": 45, "fields": {"name": "Can add formation template", "content_type": 12, "codename": "add_formationtemplate"}}, {"model": "auth.permission", "pk": 46, "fields": {"name": "Can change formation template", "content_type": 12, "codename": "change_formationtemplate"}}, {"model": "auth.permission", "pk": 47, "fields": {"name": "Can delete formation template", "content_type": 12, "codename": "delete_formationtemplate"}}, {"model": "auth.permission", "pk": 48, "fields": {"name": "Can view formation template", "content_type": 12, "codename": "view_formationtemplate"}}, {"model": "auth.permission", "pk": 49, "fields": {"name": "Can add lineup position", "content_type": 13, "codename": "add_lineupposition"}}, {"model": "auth.permission", "pk": 50, "fields": {"name": "Can change lineup position", "content_type": 13, "codename": "change_lineupposition"}}, {"model": "auth.permission", "pk": 51, "fields": {"name": "Can delete lineup position", "content_type": 13, "codename": "delete_lineupposition"}}, {"model": "auth.permission", "pk": 52, "fields": {"name": "Can view lineup position", "content_type": 13, "codename": "view_lineupposition"}}, {"model": "auth.permission", "pk": 53, "fields": {"name": "Can add lineup", "content_type": 14, "codename": "add_lineup"}}, {"model": "auth.permission", "pk": 54, "fields": {"name": "Can change lineup", "content_type": 14, "codename": "change_lineup"}}, {"model": "auth.permission", "pk": 55, "fields": {"name": "Can delete lineup", "content_type": 14, "codename": "delete_lineup"}}, {"model": "auth.permission", "pk": 56, "fields": {"name": "Can view lineup", "content_type": 14, "codename": "view_lineup"}}, {"model": "auth.permission", "pk": 57, "fields": {"name": "Can add lineup player position", "content_type": 15, "codename": "add_lineupplayerposition"}}, {"model": "auth.permission", "pk": 58, "fields": {"name": "Can change lineup player position", "content_type": 15, "codename": "change_lineupplayerposition"}}, {"model": "auth.permission", "pk": 59, "fields": {"name": "Can delete lineup player position", "content_type": 15, "codename": "delete_lineupplayerposition"}}, {"model": "auth.permission", "pk": 60, "fields": {"name": "Can view lineup player position", "content_type": 15, "codename": "view_lineupplayerposition"}}, {"model": "auth.permission", "pk": 61, "fields": {"name": "Can add match session", "content_type": 16, "codename": "add_matchsession"}}, {"model": "auth.permission", "pk": 62, "fields": {"name": "Can change match session", "content_type": 16, "codename": "change_matchsession"}}, {"model": "auth.permission", "pk": 63, "fields": {"name": "Can delete match session", "content_type": 16, "codename": "delete_matchsession"}}, {"model": "auth.permission", "pk": 64, "fields": {"name": "Can view match session", "content_type": 16, "codename": "view_matchsession"}}, {"model": "auth.permission", "pk": 65, "fields": {"name": "Can add player substitution", "content_type": 17, "codename": "add_playersubstitution"}}, {"model": "auth.permission", "pk": 66, "fields": {"name": "Can change player substitution", "content_type": 17, "codename": "change_playersubstitution"}}, {"model": "auth.permission", "pk": 67, "fields": {"name": "Can delete player substitution", "content_type": 17, "codename": "delete_playersubstitution"}}, {"model": "auth.permission", "pk": 68, "fields": {"name": "Can view player substitution", "content_type": 17, "codename": "view_playersubstitution"}}, {"model": "auth.permission", "pk": 69, "fields": {"name": "Can add playing time", "content_type": 18, "codename": "add_playingtime"}}, {"model": "auth.permission", "pk": 70, "fields": {"name": "Can change playing time", "content_type": 18, "codename": "change_playingtime"}}, {"model": "auth.permission", "pk": 71, "fields": {"name": "Can delete playing time", "content_type": 18, "codename": "delete_playingtime"}}, {"model": "auth.permission", "pk": 72, "fields": {"name": "Can view playing time", "content_type": 18, "codename": "view_playingtime"}}, {"model": "auth.permission", "pk": 73, "fields": {"name": "Can add highlight reel", "content_type": 19, "codename": "add_highlightreel"}}, {"model": "auth.permission", "pk": 74, "fields": {"name": "Can change highlight reel", "content_type": 19, "codename": "change_highlightreel"}}, {"model": "auth.permission", "pk": 75, "fields": {"name": "Can delete highlight reel", "content_type": 19, "codename": "delete_highlightreel"}}, {"model": "auth.permission", "pk": 76, "fields": {"name": "Can view highlight reel", "content_type": 19, "codename": "view_highlightreel"}}, {"model": "auth.permission", "pk": 77, "fields": {"name": "Can add video clip", "content_type": 20, "codename": "add_videoclip"}}, {"model": "auth.permission", "pk": 78, "fields": {"name": "Can change video clip", "content_type": 20, "codename": "change_videoclip"}}, {"model": "auth.permission", "pk": 79, "fields": {"name": "Can delete video clip", "content_type": 20, "codename": "delete_videoclip"}}, {"model": "auth.permission", "pk": 80, "fields": {"name": "Can view video clip", "content_type": 20, "codename": "view_videoclip"}}, {"model": "auth.permission", "pk": 81, "fields": {"name": "Can add highlight clip association", "content_type": 21, "codename": "add_highlightclipassociation"}}, {"model": "auth.permission", "pk": 82, "fields": {"name": "Can change highlight clip association", "content_type": 21, "codename": "change_highlightclipassociation"}}, {"model": "auth.permission", "pk": 83, "fields": {"name": "Can delete highlight clip association", "content_type": 21, "codename": "delete_highlightclipassociation"}}, {"model": "auth.permission", "pk": 84, "fields": {"name": "Can view highlight clip association", "content_type": 21, "codename": "view_highlightclipassociation"}}, {"model": "auth.user", "pk": 4, "fields": {"password": "pbkdf2_sha256$870000$Glc2fIiJ5CAazSHuy30fqN$+W32oleS9WlGHSsLcoTpooO87mizRTZw9qXMChadTUI=", "last_login": "2025-03-30T10:16:46.507Z", "is_superuser": true, "username": "devadmin", "first_name": "", "last_name": "", "email": "dev@example.com", "is_staff": true, "is_active": true, "date_joined": "2025-03-30T10:13:10.724Z", "groups": [], "user_permissions": []}}, {"model": "auth.user", "pk": 5, "fields": {"password": "pbkdf2_sha256$870000$DhDiNqknCnW2dIIkaTnR9E$vBrb0ltHfuJ14nTFffFk4B4Wg3fi8BPfUPfLzWNfxqc=", "last_login": null, "is_superuser": true, "username": "prodadmin", "first_name": "Production", "last_name": "Admin", "email": "admin@smorasfotball.no", "is_staff": true, "is_active": true, "date_joined": "2025-03-30T11:57:50.733Z", "groups": [], "user_permissions": []}}, {"model": "contenttypes.contenttype", "pk": 1, "fields": {"app_label": "admin", "model": "logentry"}}, {"model": "contenttypes.contenttype", "pk": 2, "fields": {"app_label": "auth", "model": "permission"}}, {"model": "contenttypes.contenttype", "pk": 3, "fields": {"app_label": "auth", "model": "group"}}, {"model": "contenttypes.contenttype", "pk": 4, "fields": {"app_label": "auth", "model": "user"}}, {"model": "contenttypes.contenttype", "pk": 5, "fields": {"app_label": "contenttypes", "model": "contenttype"}}, {"model": "contenttypes.contenttype", "pk": 6, "fields": {"app_label": "sessions", "model": "session"}}, {"model": "contenttypes.contenttype", "pk": 7, "fields": {"app_label": "teammanager", "model": "match"}}, {"model": "contenttypes.contenttype", "pk": 8, "fields": {"app_label": "teammanager", "model": "player"}}, {"model": "contenttypes.contenttype", "pk": 9, "fields": {"app_label": "teammanager", "model": "team"}}, {"model": "contenttypes.contenttype", "pk": 10, "fields": {"app_label": "teammanager", "model": "matchappearance"}}, {"model": "contenttypes.contenttype", "pk": 11, "fields": {"app_label": "teammanager", "model": "userprofile"}}, {"model": "contenttypes.contenttype", "pk": 12, "fields": {"app_label": "teammanager", "model": "formationtemplate"}}, {"model": "contenttypes.contenttype", "pk": 13, "fields": {"app_label": "teammanager", "model": "lineupposition"}}, {"model": "contenttypes.contenttype", "pk": 14, "fields": {"app_label": "teammanager", "model": "lineup"}}, {"model": "contenttypes.contenttype", "pk": 15, "fields": {"app_label": "teammanager", "model": "lineupplayerposition"}}, {"model": "contenttypes.contenttype", "pk": 16, "fields": {"app_label": "teammanager", "model": "matchsession"}}, {"model": "contenttypes.contenttype", "pk": 17, "fields": {"app_label": "teammanager", "model": "playersubstitution"}}, {"model": "contenttypes.contenttype", "pk": 18, "fields": {"app_label": "teammanager", "model": "playingtime"}}, {"model": "contenttypes.contenttype", "pk": 19, "fields": {"app_label": "teammanager", "model": "highlightreel"}}, {"model": "contenttypes.contenttype", "pk": 20, "fields": {"app_label": "teammanager", "model": "videoclip"}}, {"model": "contenttypes.contenttype", "pk": 21, "fields": {"app_label": "teammanager", "model": "highlightclipassociation"}}, {"model": "teammanager.userprofile", "pk": 31, "fields": {"user": 4, "role": "admin", "status": "approved", "player": null, "created_at": "2025-03-30T10:13:11.055Z"}}, {"model": "teammanager.userprofile", "pk": 32, "fields": {"user": 5, "role": "admin", "status": "approved", "player": null, "created_at": "2025-03-30T11:57:50.993Z"}}, {"model": "teammanager.team", "pk": 36, "fields": {"name": "Smørås Ferrari", "description": "Smørås G15 football team", "created_at": "2025-03-29T19:31:32.227Z"}}, {"model": "teammanager.team", "pk": 37, "fields": {"name": "Smørås Maserati", "description": "Smørås G16 football team", "created_at": "2025-03-29T19:31:32.250Z"}}, {"model": "teammanager.team", "pk": 38, "fields": {"name": "Smørås Lamborghini", "description": "Created for backup/restore test at Sat Mar 29 19:31:38 2025", "created_at": "2025-03-29T19:31:38.348Z"}}, {"model": "teammanager.player", "pk": 256, "fields": {"first_name": "Aksel", "last_name": "Tørvik-Pedersen", "position": "", "date_of_birth": null, "email": "", "phone": "", "active": true, "created_at": "2025-03-29T19:31:32.267Z"}}, {"model": "teammanager.player", "pk": 257, "fields": {"first_name": "Anton", "last_name": "Ringwald von Mehren", "position": "", "date_of_birth": null, "email": "", "phone": "", "active": true, "created_at": "2025-03-29T19:31:32.283Z"}}, {"model": "teammanager.player", "pk": 258, "fields": {"first_name": "Aron", "last_name": "Sølberg", "position": "", "date_of_birth": null, "email": "", "phone": "", "active": true, "created_at": "2025-03-29T19:31:32.299Z"}}, {"model": "teammanager.player", "pk": 259, "fields": {"first_name": "Bastian", "last_name": "Hetland", "position": "", "date_of_birth": null, "email": "", "phone": "", "active": true, "created_at": "2025-03-29T19:31:32.316Z"}}, {"model": "teammanager.player", "pk": 260, "fields": {"first_name": "Brage", "last_name": "Kalsvik Wiig", "position": "", "date_of_birth": null, "email": "", "phone": "", "active": true, "created_at": "2025-03-29T19:31:32.332Z"}}, {"model": "teammanager.player", "pk": 261, "fields": {"first_name": "Eirik", "last_name": "Helgesen", "position": "", "date_of_birth": null, "email": "", "phone": "", "active": true, "created_at": "2025-03-29T19:31:32.348Z"}}, {"model": "teammanager.player", "pk": 262, "fields": {"first_name": "Eldar", "last_name": "Broms", "position": "", "date_of_birth": null, "email": "", "phone": "", "active": true, "created_at": "2025-03-29T19:31:32.369Z"}}, {"model": "teammanager.player", "pk": 263, "fields": {"first_name": "Filip August", "last_name": "Havre", "position": "", "date_of_birth": null, "email": "", "phone": "", "active": true, "created_at": "2025-03-29T19:31:32.386Z"}}, {"model": "teammanager.player", "pk": 264, "fields": {"first_name": "Ishak", "last_name": "Bozkurt", "position": "", "date_of_birth": null, "email": "", "phone": "", "active": true, "created_at": "2025-03-29T19:31:32.402Z"}}, {"model": "teammanager.player", "pk": 265, "fields": {"first_name": "Jonas", "last_name": "Sværen Langnes", "position": "", "date_of_birth": null, "email": "", "phone": "", "active": true, "created_at": "2025-03-29T19:31:32.418Z"}}, {"model": "teammanager.player", "pk": 266, "fields": {"first_name": "Julijan", "last_name": "Laastad", "position": "", "date_of_birth": null, "email": "", "phone": "", "active": true, "created_at": "2025-03-29T19:31:32.435Z"}}, {"model": "teammanager.player", "pk": 267, "fields": {"first_name": "Lars", "last_name": "Underdal Vik", "position": "", "date_of_birth": null, "email": "", "phone": "", "active": true, "created_at": "2025-03-29T19:31:32.451Z"}}, {"model": "teammanager.player", "pk": 268, "fields": {"first_name": "Lukas", "last_name": "Stordal", "position": "", "date_of_birth": null, "email": "", "phone": "", "active": true, "created_at": "2025-03-29T19:31:32.467Z"}}, {"model": "teammanager.player", "pk": 269, "fields": {"first_name": "Magnus", "last_name": "Lunde Dietz", "position": "", "date_of_birth": null, "email": "", "phone": "", "active": true, "created_at": "2025-03-29T19:31:32.483Z"}}, {"model": "teammanager.player", "pk": 270, "fields": {"first_name": "Marcus H", "last_name": "Leknes", "position": "", "date_of_birth": null, "email": "", "phone": "", "active": true, "created_at": "2025-03-29T19:31:32.500Z"}}, {"model": "teammanager.player", "pk": 271, "fields": {"first_name": "Markus", "last_name": "Birkeland", "position": "", "date_of_birth": null, "email": "", "phone": "", "active": true, "created_at": "2025-03-29T19:31:32.516Z"}}, {"model": "teammanager.player", "pk": 272, "fields": {"first_name": "Martin", "last_name": "Remøy Øvsthus", "position": "", "date_of_birth": null, "email": "", "phone": "", "active": true, "created_at": "2025-03-29T19:31:32.532Z"}}, {"model": "teammanager.player", "pk": 273, "fields": {"first_name": "Matheo", "last_name": "Brekke Nøttveit", "position": "", "date_of_birth": null, "email": "", "phone": "", "active": true, "created_at": "2025-03-29T19:31:32.549Z"}}, {"model": "teammanager.player", "pk": 274, "fields": {"first_name": "Nikolai", "last_name": "Vikebø Gjerde", "position": "", "date_of_birth": null, "email": "", "phone": "", "active": true, "created_at": "2025-03-29T19:31:32.565Z"}}, {"model": "teammanager.player", "pk": 275, "fields": {"first_name": "Noah", "last_name": "Selvik Nødtvedt", "position": "", "date_of_birth": null, "email": "", "phone": "", "active": true, "created_at": "2025-03-29T19:31:32.581Z"}}, {"model": "teammanager.player", "pk": 276, "fields": {"first_name": "Oscar", "last_name": "Spence", "position": "", "date_of_birth": null, "email": "", "phone": "", "active": true, "created_at": "2025-03-29T19:31:32.598Z"}}, {"model": "teammanager.player", "pk": 277, "fields": {"first_name": "Sverre", "last_name": "Oshaug Ingvaldsen", "position": "", "date_of_birth": null, "email": "", "phone": "", "active": true, "created_at": "2025-03-29T19:31:32.614Z"}}, {"model": "teammanager.player", "pk": 278, "fields": {"first_name": "Ulrik", "last_name": "Gurvin Rekeland", "position": "", "date_of_birth": null, "email": "", "phone": "", "active": true, "created_at": "2025-03-29T19:31:32.630Z"}}, {"model": "teammanager.match", "pk": 30, "fields": {"smoras_team": 36, "opponent_name": "Fana IL", "location_type": "Home", "smoras_score": 3, "opponent_score": 1, "date": "2025-03-15T19:31:33.359Z", "location": "Smørås stadion", "match_type": "Series", "notes": null, "created_at": "2025-03-29T19:31:33.359Z"}}, {"model": "teammanager.match", "pk": 31, "fields": {"smoras_team": 36, "opponent_name": "Åsane FK", "location_type": "Away", "smoras_score": 2, "opponent_score": 2, "date": "2025-03-22T19:31:33.359Z", "location": "Åsane Arena", "match_type": "Series", "notes": null, "created_at": "2025-03-29T19:31:33.377Z"}}, {"model": "teammanager.match", "pk": 32, "fields": {"smoras_team": 37, "opponent_name": "Brann", "location_type": "Home", "smoras_score": 4, "opponent_score": 0, "date": "2025-03-26T19:31:33.359Z", "location": "Smørås stadion", "match_type": "Cup", "notes": null, "created_at": "2025-03-29T19:31:33.393Z"}}, {"model": "teammanager.match", "pk": 33, "fields": {"smoras_team": 38, "opponent_name": "Fyllingsdalen FK", "location_type": "Away", "smoras_score": 5, "opponent_score": 2, "date": "2025-03-29T18:00:00Z", "location": "Paradis Stadion", "match_type": "Series", "notes": "First match for Lamborghini team", "created_at": "2025-03-29T21:55:16.425Z"}}, {"model": "teammanager.matchappearance", "pk": 370, "fields": {"player": 259, "match": 30, "team": 36, "minutes_played": 10, "goals": 1, "assists": 0, "yellow_cards": 0, "red_card": false}}, {"model": "teammanager.matchappearance", "pk": 371, "fields": {"player": 274, "match": 30, "team": 36, "minutes_played": 47, "goals": 0, "assists": 0, "yellow_cards": 0, "red_card": false}}, {"model": "teammanager.matchappearance", "pk": 372, "fields": {"player": 261, "match": 30, "team": 36, "minutes_played": 15, "goals": 0, "assists": 0, "yellow_cards": 0, "red_card": false}}, {"model": "teammanager.matchappearance", "pk": 373, "fields": {"player": 257, "match": 30, "team": 36, "minutes_played": 31, "goals": 0, "assists": 0, "yellow_cards": 0, "red_card": false}}, {"model": "teammanager.matchappearance", "pk": 374, "fields": {"player": 263, "match": 30, "team": 36, "minutes_played": 19, "goals": 2, "assists": 2, "yellow_cards": 0, "red_card": false}}, {"model": "teammanager.matchappearance", "pk": 375, "fields": {"player": 256, "match": 30, "team": 36, "minutes_played": 28, "goals": 0, "assists": 0, "yellow_cards": 0, "red_card": false}}, {"model": "teammanager.matchappearance", "pk": 376, "fields": {"player": 277, "match": 30, "team": 36, "minutes_played": 32, "goals": 0, "assists": 0, "yellow_cards": 0, "red_card": false}}, {"model": "teammanager.matchappearance", "pk": 377, "fields": {"player": 278, "match": 30, "team": 36, "minutes_played": 10, "goals": 0, "assists": 0, "yellow_cards": 0, "red_card": false}}, {"model": "teammanager.matchappearance", "pk": 378, "fields": {"player": 260, "match": 30, "team": 36, "minutes_played": 47, "goals": 0, "assists": 0, "yellow_cards": 0, "red_card": false}}, {"model": "teammanager.matchappearance", "pk": 379, "fields": {"player": 258, "match": 30, "team": 36, "minutes_played": 22, "goals": 0, "assists": 0, "yellow_cards": 0, "red_card": false}}, {"model": "teammanager.matchappearance", "pk": 380, "fields": {"player": 262, "match": 30, "team": 36, "minutes_played": 42, "goals": 0, "assists": 0, "yellow_cards": 0, "red_card": false}}, {"model": "teammanager.matchappearance", "pk": 381, "fields": {"player": 270, "match": 30, "team": 36, "minutes_played": 37, "goals": 0, "assists": 2, "yellow_cards": 0, "red_card": false}}, {"model": "teammanager.matchappearance", "pk": 382, "fields": {"player": 269, "match": 30, "team": 36, "minutes_played": 22, "goals": 2, "assists": 0, "yellow_cards": 0, "red_card": false}}, {"model": "teammanager.matchappearance", "pk": 383, "fields": {"player": 271, "match": 30, "team": 36, "minutes_played": 58, "goals": 0, "assists": 0, "yellow_cards": 1, "red_card": false}}, {"model": "teammanager.matchappearance", "pk": 384, "fields": {"player": 267, "match": 30, "team": 36, "minutes_played": 57, "goals": 0, "assists": 0, "yellow_cards": 0, "red_card": false}}, {"model": "teammanager.matchappearance", "pk": 385, "fields": {"player": 268, "match": 30, "team": 36, "minutes_played": 33, "goals": 0, "assists": 0, "yellow_cards": 0, "red_card": false}}, {"model": "teammanager.matchappearance", "pk": 386, "fields": {"player": 272, "match": 31, "team": 36, "minutes_played": 28, "goals": 0, "assists": 0, "yellow_cards": 0, "red_card": false}}, {"model": "teammanager.matchappearance", "pk": 387, "fields": {"player": 263, "match": 31, "team": 36, "minutes_played": 10, "goals": 0, "assists": 0, "yellow_cards": 0, "red_card": false}}, {"model": "teammanager.matchappearance", "pk": 388, "fields": {"player": 276, "match": 31, "team": 36, "minutes_played": 18, "goals": 0, "assists": 0, "yellow_cards": 0, "red_card": false}}, {"model": "teammanager.matchappearance", "pk": 389, "fields": {"player": 277, "match": 31, "team": 36, "minutes_played": 36, "goals": 2, "assists": 0, "yellow_cards": 0, "red_card": false}}, {"model": "teammanager.matchappearance", "pk": 390, "fields": {"player": 260, "match": 31, "team": 36, "minutes_played": 18, "goals": 1, "assists": 0, "yellow_cards": 0, "red_card": false}}, {"model": "teammanager.matchappearance", "pk": 391, "fields": {"player": 259, "match": 31, "team": 36, "minutes_played": 22, "goals": 0, "assists": 0, "yellow_cards": 0, "red_card": false}}, {"model": "teammanager.matchappearance", "pk": 392, "fields": {"player": 256, "match": 31, "team": 36, "minutes_played": 53, "goals": 0, "assists": 0, "yellow_cards": 0, "red_card": false}}, {"model": "teammanager.matchappearance", "pk": 393, "fields": {"player": 271, "match": 31, "team": 36, "minutes_played": 39, "goals": 0, "assists": 0, "yellow_cards": 0, "red_card": false}}, {"model": "teammanager.matchappearance", "pk": 394, "fields": {"player": 275, "match": 31, "team": 36, "minutes_played": 18, "goals": 2, "assists": 0, "yellow_cards": 0, "red_card": false}}, {"model": "teammanager.matchappearance", "pk": 395, "fields": {"player": 261, "match": 31, "team": 36, "minutes_played": 68, "goals": 0, "assists": 2, "yellow_cards": 0, "red_card": false}}, {"model": "teammanager.matchappearance", "pk": 396, "fields": {"player": 262, "match": 31, "team": 36, "minutes_played": 38, "goals": 0, "assists": 0, "yellow_cards": 0, "red_card": false}}, {"model": "teammanager.matchappearance", "pk": 397, "fields": {"player": 270, "match": 31, "team": 36, "minutes_played": 22, "goals": 1, "assists": 0, "yellow_cards": 0, "red_card": false}}, {"model": "teammanager.matchappearance", "pk": 398, "fields": {"player": 264, "match": 31, "team": 36, "minutes_played": 29, "goals": 0, "assists": 0, "yellow_cards": 0, "red_card": false}}, {"model": "teammanager.matchappearance", "pk": 399, "fields": {"player": 277, "match": 32, "team": 37, "minutes_played": 11, "goals": 2, "assists": 0, "yellow_cards": 0, "red_card": false}}, {"model": "teammanager.matchappearance", "pk": 400, "fields": {"player": 272, "match": 32, "team": 37, "minutes_played": 65, "goals": 1, "assists": 0, "yellow_cards": 0, "red_card": false}}, {"model": "teammanager.matchappearance", "pk": 401, "fields": {"player": 259, "match": 32, "team": 37, "minutes_played": 31, "goals": 1, "assists": 0, "yellow_cards": 0, "red_card": false}}, {"model": "teammanager.matchappearance", "pk": 402, "fields": {"player": 260, "match": 32, "team": 37, "minutes_played": 66, "goals": 0, "assists": 0, "yellow_cards": 0, "red_card": false}}, {"model": "teammanager.matchappearance", "pk": 403, "fields": {"player": 271, "match": 32, "team": 37, "minutes_played": 14, "goals": 0, "assists": 0, "yellow_cards": 0, "red_card": false}}, {"model": "teammanager.matchappearance", "pk": 404, "fields": {"player": 262, "match": 32, "team": 37, "minutes_played": 65, "goals": 0, "assists": 0, "yellow_cards": 0, "red_card": false}}, {"model": "teammanager.matchappearance", "pk": 405, "fields": {"player": 257, "match": 32, "team": 37, "minutes_played": 21, "goals": 0, "assists": 0, "yellow_cards": 1, "red_card": false}}, {"model": "teammanager.matchappearance", "pk": 406, "fields": {"player": 261, "match": 32, "team": 37, "minutes_played": 11, "goals": 0, "assists": 0, "yellow_cards": 1, "red_card": false}}, {"model": "teammanager.matchappearance", "pk": 407, "fields": {"player": 274, "match": 32, "team": 37, "minutes_played": 13, "goals": 0, "assists": 0, "yellow_cards": 0, "red_card": false}}, {"model": "teammanager.formationtemplate", "pk": 45, "fields": {"name": "2-2 (5er)", "description": "2-2 formation for 5er football", "formation_structure": "2-2", "player_count": 5, "created_at": "2025-03-29T19:31:32.663Z"}}, {"model": "teammanager.formationtemplate", "pk": 46, "fields": {"name": "1-2-1 (5er)", "description": "1-2-1 formation for 5er football", "formation_structure": "1-2-1", "player_count": 5, "created_at": "2025-03-29T19:31:32.696Z"}}, {"model": "teammanager.formationtemplate", "pk": 47, "fields": {"name": "1-1-2 (5er)", "description": "1-1-2 formation for 5er football", "formation_structure": "1-1-2", "player_count": 5, "created_at": "2025-03-29T19:31:32.728Z"}}, {"model": "teammanager.formationtemplate", "pk": 48, "fields": {"name": "2-1-1 (5er)", "description": "2-1-1 formation for 5er football", "formation_structure": "2-1-1", "player_count": 5, "created_at": "2025-03-29T19:31:32.770Z"}}, {"model": "teammanager.formationtemplate", "pk": 49, "fields": {"name": "2-3-1 (7er)", "description": "2-3-1 formation for 7er football", "formation_structure": "2-3-1", "player_count": 7, "created_at": "2025-03-29T19:31:32.803Z"}}, {"model": "teammanager.formationtemplate", "pk": 50, "fields": {"name": "3-2-1 (7er)", "description": "3-2-1 formation for 7er football", "formation_structure": "3-2-1", "player_count": 7, "created_at": "2025-03-29T19:31:32.835Z"}}, {"model": "teammanager.formationtemplate", "pk": 51, "fields": {"name": "3-1-2 (7er)", "description": "3-1-2 formation for 7er football", "formation_structure": "3-1-2", "player_count": 7, "created_at": "2025-03-29T19:31:32.866Z"}}, {"model": "teammanager.formationtemplate", "pk": 52, "fields": {"name": "2-1-3 (7er)", "description": "2-1-3 formation for 7er football", "formation_structure": "2-1-3", "player_count": 7, "created_at": "2025-03-29T19:31:32.898Z"}}, {"model": "teammanager.formationtemplate", "pk": 53, "fields": {"name": "2-2-2 (7er)", "description": "2-2-2 formation for 7er football", "formation_structure": "2-2-2", "player_count": 7, "created_at": "2025-03-29T19:31:32.929Z"}}, {"model": "teammanager.formationtemplate", "pk": 54, "fields": {"name": "3-3 (7er)", "description": "3-3 formation for 7er football", "formation_structure": "3-3", "player_count": 7, "created_at": "2025-03-29T19:31:32.961Z"}}, {"model": "teammanager.formationtemplate", "pk": 55, "fields": {"name": "2-4 (7er)", "description": "2-4 formation for 7er football", "formation_structure": "2-4", "player_count": 7, "created_at": "2025-03-29T19:31:32.992Z"}}, {"model": "teammanager.formationtemplate", "pk": 56, "fields": {"name": "4-2 (7er)", "description": "4-2 formation for 7er football", "formation_structure": "4-2", "player_count": 7, "created_at": "2025-03-29T19:31:33.024Z"}}, {"model": "teammanager.formationtemplate", "pk": 57, "fields": {"name": "3-2-3 (9er)", "description": "3-2-3 formation for 9er football", "formation_structure": "3-2-3", "player_count": 9, "created_at": "2025-03-29T19:31:33.056Z"}}, {"model": "teammanager.formationtemplate", "pk": 58, "fields": {"name": "3-3-2 (9er)", "description": "3-3-2 formation for 9er football", "formation_structure": "3-3-2", "player_count": 9, "created_at": "2025-03-29T19:31:33.088Z"}}, {"model": "teammanager.formationtemplate", "pk": 59, "fields": {"name": "3-4-1 (9er)", "description": "3-4-1 formation for 9er football", "formation_structure": "3-4-1", "player_count": 9, "created_at": "2025-03-29T19:31:33.119Z"}}, {"model": "teammanager.formationtemplate", "pk": 60, "fields": {"name": "4-3-1 (9er)", "description": "4-3-1 formation for 9er football", "formation_structure": "4-3-1", "player_count": 9, "created_at": "2025-03-29T19:31:33.151Z"}}, {"model": "teammanager.formationtemplate", "pk": 61, "fields": {"name": "4-4-2 (11er)", "description": "4-4-2 formation for 11er football", "formation_structure": "4-4-2", "player_count": 11, "created_at": "2025-03-29T19:31:33.183Z"}}, {"model": "teammanager.formationtemplate", "pk": 62, "fields": {"name": "4-3-3 (11er)", "description": "4-3-3 formation for 11er football", "formation_structure": "4-3-3", "player_count": 11, "created_at": "2025-03-29T19:31:33.215Z"}}, {"model": "teammanager.formationtemplate", "pk": 63, "fields": {"name": "4-2-3-1 (11er)", "description": "4-2-3-1 formation for 11er football", "formation_structure": "4-2-3-1", "player_count": 11, "created_at": "2025-03-29T19:31:33.246Z"}}, {"model": "teammanager.formationtemplate", "pk": 64, "fields": {"name": "3-5-2 (11er)", "description": "3-5-2 formation for 11er football", "formation_structure": "3-5-2", "player_count": 11, "created_at": "2025-03-29T19:31:33.279Z"}}, {"model": "teammanager.formationtemplate", "pk": 65, "fields": {"name": "5-3-2 (11er)", "description": "5-3-2 formation for 11er football", "formation_structure": "5-3-2", "player_count": 11, "created_at": "2025-03-29T19:31:33.311Z"}}, {"model": "teammanager.formationtemplate", "pk": 66, "fields": {"name": "3-4-3 (11er)", "description": "3-4-3 formation for 11er football", "formation_structure": "3-4-3", "player_count": 11, "created_at": "2025-03-29T19:31:33.343Z"}}]