[
{
  "model": "auth.user",
  "pk": 1,
  "fields": {
    "password": "pbkdf2_sha256$870000$RJslfYj3B8Bapdfrdzwz7u$w5cEdQTBcSrWM5UwI7HJ4p3Tu1ZJXyBDZR229EM/8wQ=",
    "last_login": "2025-03-28T01:55:43.574Z",
    "is_superuser": true,
    "username": "djadmin",
    "first_name": "",
    "last_name": "",
    "email": "admin@smorasfotball.no",
    "is_staff": true,
    "is_active": true,
    "date_joined": "2025-03-27T21:59:32.720Z",
    "groups": [],
    "user_permissions": []
  }
},
{
  "model": "teammanager.userprofile",
  "pk": 1,
  "fields": {
    "user": 1,
    "role": "admin",
    "status": "approved",
    "player": null,
    "created_at": "2025-03-27T21:59:32.725Z"
  }
},
{
  "model": "teammanager.team",
  "pk": 1,
  "fields": {
    "name": "Smørås Ferrari",
    "description": "",
    "created_at": "2025-03-27T22:52:17.346Z"
  }
},
{
  "model": "teammanager.team",
  "pk": 2,
  "fields": {
    "name": "Smørås Maserati",
    "description": "",
    "created_at": "2025-03-28T01:54:08.239Z"
  }
},
{
  "model": "teammanager.player",
  "pk": 1,
  "fields": {
    "first_name": "Aksel ",
    "last_name": "Tørvik -Pedersen",
    "position": null,
    "date_of_birth": "2015-12-07",
    "email": null,
    "phone": null,
    "active": true,
    "created_at": "2025-03-27T22:52:35.857Z"
  }
},
{
  "model": "teammanager.player",
  "pk": 2,
  "fields": {
    "first_name": "Anton ",
    "last_name": "Ringwald von Mehren",
    "position": null,
    "date_of_birth": "2015-11-10",
    "email": null,
    "phone": null,
    "active": true,
    "created_at": "2025-03-27T22:52:35.921Z"
  }
},
{
  "model": "teammanager.player",
  "pk": 3,
  "fields": {
    "first_name": "Aron",
    "last_name": "Sølberg",
    "position": null,
    "date_of_birth": "2015-06-21",
    "email": null,
    "phone": null,
    "active": true,
    "created_at": "2025-03-27T22:52:35.944Z"
  }
},
{
  "model": "teammanager.player",
  "pk": 4,
  "fields": {
    "first_name": "Bastian ",
    "last_name": "Hetland",
    "position": null,
    "date_of_birth": "2015-05-06",
    "email": null,
    "phone": null,
    "active": true,
    "created_at": "2025-03-27T22:52:36.133Z"
  }
},
{
  "model": "teammanager.player",
  "pk": 5,
  "fields": {
    "first_name": "Brage",
    "last_name": " Kalsvik Wiig",
    "position": null,
    "date_of_birth": "2015-06-20",
    "email": null,
    "phone": null,
    "active": true,
    "created_at": "2025-03-27T22:52:36.153Z"
  }
},
{
  "model": "teammanager.player",
  "pk": 6,
  "fields": {
    "first_name": "Eirik",
    "last_name": " Helgesen",
    "position": null,
    "date_of_birth": "2015-11-01",
    "email": null,
    "phone": null,
    "active": true,
    "created_at": "2025-03-27T22:52:36.166Z"
  }
},
{
  "model": "teammanager.player",
  "pk": 7,
  "fields": {
    "first_name": "Eldar ",
    "last_name": "Broms",
    "position": null,
    "date_of_birth": "2015-11-19",
    "email": null,
    "phone": null,
    "active": true,
    "created_at": "2025-03-27T22:52:36.180Z"
  }
},
{
  "model": "teammanager.player",
  "pk": 8,
  "fields": {
    "first_name": "Filip August ",
    "last_name": "Havre",
    "position": null,
    "date_of_birth": "2015-08-15",
    "email": null,
    "phone": null,
    "active": true,
    "created_at": "2025-03-27T22:52:36.196Z"
  }
},
{
  "model": "teammanager.player",
  "pk": 9,
  "fields": {
    "first_name": "Ishak ",
    "last_name": "Bozkurt",
    "position": null,
    "date_of_birth": "2015-04-05",
    "email": null,
    "phone": "+47 451 94 918",
    "active": true,
    "created_at": "2025-03-27T22:52:36.210Z"
  }
},
{
  "model": "teammanager.player",
  "pk": 10,
  "fields": {
    "first_name": "Jonas ",
    "last_name": "Sværen Langnes",
    "position": null,
    "date_of_birth": "2015-05-28",
    "email": null,
    "phone": null,
    "active": true,
    "created_at": "2025-03-27T22:52:36.222Z"
  }
},
{
  "model": "teammanager.player",
  "pk": 11,
  "fields": {
    "first_name": "Julijan ",
    "last_name": "Laastad",
    "position": null,
    "date_of_birth": "2015-07-04",
    "email": null,
    "phone": null,
    "active": true,
    "created_at": "2025-03-27T22:52:36.241Z"
  }
},
{
  "model": "teammanager.player",
  "pk": 12,
  "fields": {
    "first_name": "Lars ",
    "last_name": "Underdal Vik",
    "position": null,
    "date_of_birth": "2015-03-27",
    "email": null,
    "phone": null,
    "active": true,
    "created_at": "2025-03-27T22:52:36.256Z"
  }
},
{
  "model": "teammanager.player",
  "pk": 13,
  "fields": {
    "first_name": "Lukas ",
    "last_name": "Stordal",
    "position": null,
    "date_of_birth": "2015-09-16",
    "email": null,
    "phone": null,
    "active": true,
    "created_at": "2025-03-27T22:52:36.268Z"
  }
},
{
  "model": "teammanager.player",
  "pk": 14,
  "fields": {
    "first_name": "Magnus",
    "last_name": " Lunde Dietz",
    "position": null,
    "date_of_birth": "2015-08-29",
    "email": null,
    "phone": null,
    "active": true,
    "created_at": "2025-03-27T22:52:36.281Z"
  }
},
{
  "model": "teammanager.player",
  "pk": 15,
  "fields": {
    "first_name": "Marcus ",
    "last_name": "H Leknes",
    "position": null,
    "date_of_birth": "2015-10-25",
    "email": null,
    "phone": null,
    "active": true,
    "created_at": "2025-03-27T22:52:36.293Z"
  }
},
{
  "model": "teammanager.player",
  "pk": 16,
  "fields": {
    "first_name": "Markus ",
    "last_name": "Birkeland",
    "position": null,
    "date_of_birth": "2015-04-28",
    "email": null,
    "phone": null,
    "active": true,
    "created_at": "2025-03-27T22:52:36.306Z"
  }
},
{
  "model": "teammanager.player",
  "pk": 17,
  "fields": {
    "first_name": "Martin ",
    "last_name": "Remøy Øvsthus",
    "position": null,
    "date_of_birth": "2015-12-08",
    "email": null,
    "phone": null,
    "active": true,
    "created_at": "2025-03-27T22:52:36.317Z"
  }
},
{
  "model": "teammanager.player",
  "pk": 18,
  "fields": {
    "first_name": "Matheo ",
    "last_name": "Brekke Nøttveit",
    "position": null,
    "date_of_birth": "2015-06-05",
    "email": null,
    "phone": null,
    "active": true,
    "created_at": "2025-03-27T22:52:36.328Z"
  }
},
{
  "model": "teammanager.player",
  "pk": 19,
  "fields": {
    "first_name": "Nikolai",
    "last_name": " Vikebø Gjerde",
    "position": null,
    "date_of_birth": "2015-03-10",
    "email": null,
    "phone": null,
    "active": true,
    "created_at": "2025-03-27T22:52:36.343Z"
  }
},
{
  "model": "teammanager.player",
  "pk": 20,
  "fields": {
    "first_name": "Noah ",
    "last_name": "Selvik Nødtvedt",
    "position": null,
    "date_of_birth": "2015-01-21",
    "email": null,
    "phone": null,
    "active": true,
    "created_at": "2025-03-27T22:52:36.357Z"
  }
},
{
  "model": "teammanager.player",
  "pk": 21,
  "fields": {
    "first_name": "Oscar ",
    "last_name": "Spence",
    "position": null,
    "date_of_birth": "2015-01-26",
    "email": null,
    "phone": null,
    "active": true,
    "created_at": "2025-03-27T22:52:36.371Z"
  }
},
{
  "model": "teammanager.player",
  "pk": 22,
  "fields": {
    "first_name": "Sverre ",
    "last_name": "Oshaug Ingvaldsen",
    "position": null,
    "date_of_birth": "2015-08-27",
    "email": null,
    "phone": null,
    "active": true,
    "created_at": "2025-03-27T22:52:36.386Z"
  }
},
{
  "model": "teammanager.player",
  "pk": 23,
  "fields": {
    "first_name": "Ulrik",
    "last_name": " Gurvin Rekeland",
    "position": null,
    "date_of_birth": "2015-02-28",
    "email": null,
    "phone": null,
    "active": true,
    "created_at": "2025-03-27T22:52:36.397Z"
  }
},
{
  "model": "teammanager.match",
  "pk": 1,
  "fields": {
    "smoras_team": 1,
    "opponent_name": "test",
    "location_type": "Home",
    "smoras_score": 0,
    "opponent_score": 0,
    "date": "2025-03-27T23:52:00Z",
    "location": "test",
    "match_type": "Friendly",
    "notes": "",
    "created_at": "2025-03-27T22:53:05.991Z"
  }
},
{
  "model": "teammanager.match",
  "pk": 2,
  "fields": {
    "smoras_team": 1,
    "opponent_name": "Unknown Opponent",
    "location_type": "Home",
    "smoras_score": null,
    "opponent_score": null,
    "date": "2025-03-28T02:54:00Z",
    "location": null,
    "match_type": "Friendly",
    "notes": "",
    "created_at": "2025-03-28T01:54:27.311Z"
  }
},
{
  "model": "teammanager.matchappearance",
  "pk": 1,
  "fields": {
    "player": 1,
    "match": 1,
    "team": 1,
    "minutes_played": null,
    "goals": 0,
    "assists": 0,
    "yellow_cards": 0,
    "red_card": false
  }
},
{
  "model": "teammanager.matchappearance",
  "pk": 2,
  "fields": {
    "player": 2,
    "match": 1,
    "team": 1,
    "minutes_played": null,
    "goals": 0,
    "assists": 0,
    "yellow_cards": 0,
    "red_card": false
  }
},
{
  "model": "teammanager.matchappearance",
  "pk": 3,
  "fields": {
    "player": 3,
    "match": 1,
    "team": 1,
    "minutes_played": null,
    "goals": 0,
    "assists": 0,
    "yellow_cards": 0,
    "red_card": false
  }
},
{
  "model": "teammanager.matchappearance",
  "pk": 4,
  "fields": {
    "player": 4,
    "match": 1,
    "team": 1,
    "minutes_played": null,
    "goals": 0,
    "assists": 0,
    "yellow_cards": 0,
    "red_card": false
  }
},
{
  "model": "teammanager.matchappearance",
  "pk": 5,
  "fields": {
    "player": 5,
    "match": 1,
    "team": 1,
    "minutes_played": null,
    "goals": 0,
    "assists": 0,
    "yellow_cards": 0,
    "red_card": false
  }
},
{
  "model": "teammanager.matchappearance",
  "pk": 6,
  "fields": {
    "player": 6,
    "match": 1,
    "team": 1,
    "minutes_played": null,
    "goals": 0,
    "assists": 0,
    "yellow_cards": 0,
    "red_card": false
  }
},
{
  "model": "teammanager.matchappearance",
  "pk": 7,
  "fields": {
    "player": 7,
    "match": 1,
    "team": 1,
    "minutes_played": null,
    "goals": 0,
    "assists": 0,
    "yellow_cards": 0,
    "red_card": false
  }
},
{
  "model": "teammanager.matchappearance",
  "pk": 8,
  "fields": {
    "player": 8,
    "match": 1,
    "team": 1,
    "minutes_played": null,
    "goals": 0,
    "assists": 0,
    "yellow_cards": 0,
    "red_card": false
  }
},
{
  "model": "teammanager.matchappearance",
  "pk": 9,
  "fields": {
    "player": 9,
    "match": 1,
    "team": 1,
    "minutes_played": null,
    "goals": 0,
    "assists": 0,
    "yellow_cards": 0,
    "red_card": false
  }
},
{
  "model": "teammanager.matchappearance",
  "pk": 10,
  "fields": {
    "player": 10,
    "match": 1,
    "team": 1,
    "minutes_played": null,
    "goals": 0,
    "assists": 0,
    "yellow_cards": 0,
    "red_card": false
  }
},
{
  "model": "teammanager.formationtemplate",
  "pk": 1,
  "fields": {
    "name": "test",
    "description": "",
    "formation_structure": "2-3-1",
    "player_count": 7,
    "created_at": "2025-03-27T22:55:37.974Z"
  }
},
{
  "model": "teammanager.lineup",
  "pk": 1,
  "fields": {
    "name": "test",
    "match": 1,
    "team": 1,
    "formation": 1,
    "is_template": false,
    "notes": "",
    "direction": "LR",
    "created_by": 1,
    "created_at": "2025-03-27T22:56:05.113Z",
    "updated_at": "2025-03-27T22:56:05.113Z"
  }
},
{
  "model": "teammanager.lineupplayerposition",
  "pk": 1,
  "fields": {
    "lineup": 1,
    "player": 1,
    "position": null,
    "x_coordinate": "8.00",
    "y_coordinate": "50.00",
    "jersey_number": 1,
    "is_starter": true,
    "notes": ""
  }
},
{
  "model": "teammanager.lineupplayerposition",
  "pk": 2,
  "fields": {
    "lineup": 1,
    "player": 2,
    "position": null,
    "x_coordinate": "25.00",
    "y_coordinate": "33.33",
    "jersey_number": 2,
    "is_starter": true,
    "notes": ""
  }
},
{
  "model": "teammanager.lineupplayerposition",
  "pk": 3,
  "fields": {
    "lineup": 1,
    "player": 3,
    "position": null,
    "x_coordinate": "25.00",
    "y_coordinate": "66.67",
    "jersey_number": 3,
    "is_starter": true,
    "notes": ""
  }
},
{
  "model": "teammanager.lineupplayerposition",
  "pk": 4,
  "fields": {
    "lineup": 1,
    "player": 4,
    "position": null,
    "x_coordinate": "45.00",
    "y_coordinate": "25.00",
    "jersey_number": 4,
    "is_starter": true,
    "notes": ""
  }
},
{
  "model": "teammanager.lineupplayerposition",
  "pk": 5,
  "fields": {
    "lineup": 1,
    "player": 5,
    "position": null,
    "x_coordinate": "45.00",
    "y_coordinate": "50.00",
    "jersey_number": 5,
    "is_starter": true,
    "notes": ""
  }
},
{
  "model": "teammanager.lineupplayerposition",
  "pk": 6,
  "fields": {
    "lineup": 1,
    "player": 6,
    "position": null,
    "x_coordinate": "45.00",
    "y_coordinate": "75.00",
    "jersey_number": 6,
    "is_starter": true,
    "notes": ""
  }
},
{
  "model": "teammanager.lineupplayerposition",
  "pk": 7,
  "fields": {
    "lineup": 1,
    "player": 7,
    "position": null,
    "x_coordinate": "65.00",
    "y_coordinate": "50.00",
    "jersey_number": 7,
    "is_starter": true,
    "notes": ""
  }
},
{
  "model": "teammanager.lineupplayerposition",
  "pk": 8,
  "fields": {
    "lineup": 1,
    "player": 8,
    "position": null,
    "x_coordinate": "1.00",
    "y_coordinate": "5.00",
    "jersey_number": 8,
    "is_starter": false,
    "notes": ""
  }
},
{
  "model": "teammanager.lineupplayerposition",
  "pk": 9,
  "fields": {
    "lineup": 1,
    "player": 9,
    "position": null,
    "x_coordinate": "1.00",
    "y_coordinate": "15.00",
    "jersey_number": 9,
    "is_starter": false,
    "notes": ""
  }
},
{
  "model": "teammanager.lineupplayerposition",
  "pk": 10,
  "fields": {
    "lineup": 1,
    "player": 10,
    "position": null,
    "x_coordinate": "1.00",
    "y_coordinate": "25.00",
    "jersey_number": 10,
    "is_starter": false,
    "notes": ""
  }
},
{
  "model": "teammanager.matchsession",
  "pk": 1,
  "fields": {
    "match": 1,
    "name": "test",
    "created_by": 1,
    "created_at": "2025-03-27T22:54:09.169Z",
    "updated_at": "2025-03-27T22:54:09.169Z",
    "periods": 2,
    "period_length": 25,
    "substitution_interval": 5,
    "is_active": false,
    "start_time": null,
    "current_period": 1,
    "elapsed_time": 0
  }
},
{
  "model": "teammanager.playingtime",
  "pk": 1,
  "fields": {
    "match_session": 1,
    "player": 3,
    "minutes_played": 0,
    "last_substitution_time": null,
    "is_on_pitch": true
  }
},
{
  "model": "teammanager.playingtime",
  "pk": 2,
  "fields": {
    "match_session": 1,
    "player": 1,
    "minutes_played": 0,
    "last_substitution_time": null,
    "is_on_pitch": true
  }
},
{
  "model": "teammanager.playingtime",
  "pk": 3,
  "fields": {
    "match_session": 1,
    "player": 5,
    "minutes_played": 0,
    "last_substitution_time": null,
    "is_on_pitch": true
  }
},
{
  "model": "teammanager.playingtime",
  "pk": 4,
  "fields": {
    "match_session": 1,
    "player": 2,
    "minutes_played": 0,
    "last_substitution_time": null,
    "is_on_pitch": true
  }
},
{
  "model": "teammanager.playingtime",
  "pk": 5,
  "fields": {
    "match_session": 1,
    "player": 6,
    "minutes_played": 0,
    "last_substitution_time": null,
    "is_on_pitch": true
  }
},
{
  "model": "teammanager.playingtime",
  "pk": 6,
  "fields": {
    "match_session": 1,
    "player": 7,
    "minutes_played": 0,
    "last_substitution_time": null,
    "is_on_pitch": true
  }
},
{
  "model": "teammanager.playingtime",
  "pk": 7,
  "fields": {
    "match_session": 1,
    "player": 4,
    "minutes_played": 0,
    "last_substitution_time": null,
    "is_on_pitch": true
  }
},
{
  "model": "teammanager.playingtime",
  "pk": 8,
  "fields": {
    "match_session": 1,
    "player": 10,
    "minutes_played": 0,
    "last_substitution_time": null,
    "is_on_pitch": false
  }
},
{
  "model": "teammanager.playingtime",
  "pk": 9,
  "fields": {
    "match_session": 1,
    "player": 8,
    "minutes_played": 0,
    "last_substitution_time": null,
    "is_on_pitch": false
  }
},
{
  "model": "teammanager.playingtime",
  "pk": 10,
  "fields": {
    "match_session": 1,
    "player": 9,
    "minutes_played": 0,
    "last_substitution_time": null,
    "is_on_pitch": false
  }
}
]
